class,0,1,2,3,4,5,6,7
1,0.374378504,0.377459397,0.319976032,0.429346227,0,0.325222453,0.346878537,0.452269755
-1,0.093420797,0.324572234,0.439149912,0.532624963,0,0.385484387,0.29073741,0.41982969
1,0.550987164,0.515171058,0.313947309,0,0,0.248936744,0.410365651,0.319498895
-1,0.100505673,0.365619589,0.472454304,0.454462827,0.344631693,0.438105279,0.148818623,0.305969234
1,0,0.227944347,0.115969738,0.280096307,0.249462604,0.272156208,0.825782435,0.194733744
-1,0.470110848,0.445796987,0.495549776,0,0,0.373380663,0.167562395,0.408902165
1,0.269520322,0.286426856,0.319937806,0.565197448,0.288396321,0.432029641,0.19754779,0.338619136
-1,0.764348138,0.359284039,0,0,0,0.418550154,0.090812628,0.321334308
1,0.078586067,0.31639576,0.195902011,0.347622616,0.778309209,0.185907532,0.055045634,0.301897359
1,0.562366235,0.359160143,0.480646495,0,0,0,0.144599726,0.550289083
-1,0.344323913,0.387033673,0.564053526,0,0,0.502084285,0.1457776,0.374365946
1,0.624215098,0.42863973,0.328996506,0,0,0.367959021,0.297206832,0.307667111
-1,0.491510136,0.279251909,0.280057858,0,0,0.206625234,0.627981273,0.406139492
1,0.029371326,0.226899858,0.12551629,0.132810171,0.906422531,0.137142364,0.103647028,0.251213773
1,0.316349936,0.429293889,0.324455798,0.236336772,0.403898814,0.253220605,0.329295717,0.46777371
1,0.620417597,0.362272142,0,0,0,0.412466718,0.380348461,0.411153444
1,0,0.274215513,0.340146278,0.525338163,0.477008106,0.403931952,0.277755696,0.255499893
1,0.586894203,0.366686085,0.441894703,0,0,0.384977262,0.188819016,0.376783053
-1,0.079329057,0.333978405,0.169503566,0.592646655,0.240185709,0.532846079,0.128716319,0.379502041
1,0.077306325,0.363380604,0.385423656,0.455948968,0.270721686,0.414927977,0.36259427,0.35861867
-1,0.171859592,0.295033913,0.359054597,0.461760023,0.491085563,0.349242157,0.357581808,0.224225073
-1,0.5511382,0.278775493,0.412168796,0,0,0.378316582,0.237002259,0.499353868
1,0.448399022,0.513182171,0.410614633,0,0,0.395486149,0.256149429,0.380731106
1,0.596273144,0.32225419,0.377500928,0.455880206,0,0.298045334,0.15449297,0.278527849
1,0.577819413,0.307032503,0.351683987,0.340795095,0.27976223,0.298237409,0.118299632,0.388362696
1,0.624277405,0.318960205,0.311243975,0.319103022,0.261885974,0.301175468,0.113470172,0.371047372
1,0.500244999,0.429389008,0.386833079,0,0,0.436779781,0.162842617,0.445472663
-1,0.093103679,0.369136888,0.43765921,0.274560496,0.475479348,0.33507067,0.402018497,0.296932277
-1,0.691775696,0.315383394,0.310785749,0.198772134,0.21352632,0.183255286,0.115594791,0.439708327
-1,0.397700083,0.380382397,0.521193272,0,0,0.420747598,0.237665319,0.438164472
-1,0.329840771,0.293906846,0.352387823,0.337200052,0,0.368398983,0.319357566,0.573790654
1,0.171104511,0.368337694,0.308730186,0.403666453,0.509733377,0.279581787,0.430348209,0.231508065
-1,0.339387777,0.406917611,0.467334919,0.244651329,0.222846329,0.435219366,0.26781595,0.360799154
-1,0.543523606,0.340646444,0.593581401,0,0,0.279641631,0.150999408,0.367699534
-1,0.603716453,0.301052137,0.335392164,0.367938012,0,0.258478059,0.274064767,0.393834187
-1,0.251360005,0.264558842,0.268542317,0.407690016,0.440123132,0.233953213,0.538224601,0.300620097
-1,0.69814504,0.357998272,0.343551509,0,0,0.326868179,0.236348307,0.322024491
1,0.53229648,0.246581295,0.320147396,0.430222145,0,0.301848187,0.348724904,0.394399907
1,0.149280889,0.274577912,0.361500103,0.616316023,0,0.44230227,0.332883628,0.292149985
1,0.187276854,0.212420273,0.240094331,0.432615348,0.353534043,0.269450883,0.577017715,0.380084384
-1,0.235423689,0.577364774,0.35771255,0.385699315,0.200384317,0.413894268,0.188559506,0.295780911
-1,0.471846902,0.366440596,0.403280897,0,0,0.420349669,0.415970509,0.361553591
-1,0.509996244,0.315662996,0.477399612,0.257822844,0,0.256552578,0.151805335,0.506965099
1,0.428139174,0.332496777,0.372700898,0.224457257,0.416476481,0.33502707,0.304108077,0.372395225
-1,0.536086293,0.497717211,0.349093638,0,0,0.325513357,0.199633871,0.444083402
1,0,0.338538817,0.216299905,0.3528025,0,0.299790575,0.772303394,0.166761192
-1,0.092676822,0.553060777,0.369644676,0,0,0.426981609,0.463447421,0.389616209
-1,0.181452238,0.263293146,0.452330289,0.481588436,0,0.394068711,0.471389803,0.28934961
1,0.501682282,0.301728838,0.336899181,0.45087967,0,0.434699428,0.218594585,0.322077439
-1,0.751181365,0.460558643,0,0,0,0,0.29019962,0.373358372
-1,0.098535215,0.414837075,0.561444395,0.213090508,0.294742051,0.296534198,0.428966317,0.314254883
-1,0.104716026,0.432298172,0.3729138,0.308805029,0.137515748,0.393106395,0.488370173,0.394688424
-1,0.456018556,0.328053031,0.428727896,0.376540554,0.076520382,0.345210444,0.276559672,0.396644697
1,0.38293188,0.344344441,0.306831076,0.319956108,0.523829043,0.250232103,0.198197719,0.40246435
-1,0.334060122,0.292594883,0.224334376,0.394054088,0.595373477,0.256884357,0.303809446,0.290565316
-1,0.136995461,0.40876896,0.487867041,0.269330868,0,0.488782449,0.301236847,0.417055027
1,0.355718008,0.388417055,0.246117232,0.389629984,0.563531475,0.297187645,0.114443666,0.302036588
-1,0,0.216362471,0.331772993,0.624401969,0.212403921,0.384291257,0.451500637,0.237882581
-1,0,0.29866549,0.292295726,0,0,0.31442707,0.790309986,0.319230134
-1,0,0.315564198,0.335162039,0.59267057,0.380868171,0.473346575,0.112783584,0.234498528
-1,0.351791199,0.603925173,0,0,0,0,0.474109647,0.535478646
1,0.590421791,0.401211067,0.378468888,0,0,0.376660326,0.176679593,0.417258205
-1,0.462056489,0.166198315,0.408076941,0,0,0.358382394,0.480964923,0.482275786
-1,0.146331512,0.421673054,0.302246413,0.489065169,0.341628911,0.288285746,0.453456127,0.254558143
1,0.551673423,0.367229656,0.370470179,0,0,0.400995459,0.180282662,0.47984525
-1,0.419108751,0.339188244,0.441787823,0.444938965,0,0.377082442,0.150870037,0.388843273
1,0,0.309550208,0.435475473,0.409785831,0,0.350284307,0.526710625,0.382742963
-1,0.132431667,0.295010329,0.433885339,0,0,0.438602715,0.496099505,0.518350472
-1,0.113389484,0.440296524,0.533018167,0.289798467,0.157178507,0.344754894,0.335791331,0.410942137
-1,0.308630823,0.46044847,0.467114693,0.409565175,0.281459614,0.345906512,0.129297862,0.302002791
1,0.153096411,0.312884382,0.359835697,0.300985075,0.251312624,0.390672192,0.588442923,0.310714078
-1,0.354747641,0.403100358,0.323410996,0.4881997,0.362338373,0.314772754,0.258548229,0.267418068
1,0.699156654,0.276981371,0.344745772,0,0,0.36207827,0.278003287,0.327452508
-1,0.258875833,0.341247989,0.396419734,0.254472857,0.637429362,0.35238728,0.132554273,0.215787976
-1,0.090577342,0.29247957,0.48384486,0.534220782,0,0.449625712,0.318027732,0.288875121
-1,0.135405582,0,0.46291697,0.532410382,0,0.51881809,0.168079535,0.431844245
-1,0.554779285,0.200845802,0.440293319,0,0,0.400794161,0.274757267,0.471057519
-1,0.384899659,0.298916576,0.394761977,0.499426306,0,0.450194786,0.252539595,0.301306966
1,0,0.553700842,0,0,0,0.692979444,0.247553468,0.389759089
-1,0.199685251,0.457070179,0.469337467,0.431835782,0,0.387201999,0.271771932,0.34737225
-1,0.357364218,0.550195616,0.373308418,0.304447992,0,0.413922865,0.147865917,0.379909696
-1,0.407079206,0.615643807,0,0,0,0,0.184076916,0.649141674
-1,0.47371897,0.229588273,0.375960861,0.34592029,0.175274149,0.307589811,0.460223016,0.353177578
-1,0,0.417175017,0.467828526,0.556270501,0,0.38562461,0.212347243,0.322283903
1,0.34865938,0.390481792,0.536389664,0,0,0.527877024,0.140348391,0.374025283
-1,0.147372294,0.331304554,0.388367487,0.420110754,0.335994868,0.370350084,0.456027996,0.288414772
-1,0.646728345,0.215542681,0.255115201,0.528143884,0,0.282449765,0.078514303,0.32453306
-1,0.1733204,0.354216314,0.419714426,0.425931391,0.224447524,0.517561551,0.248951606,0.326633649
1,0.740565101,0.274447806,0.246147438,0.31060033,0.198107743,0.284136798,0.066975143,0.307757273
-1,0.10619001,0.464425771,0.514301594,0.39665891,0,0.436527013,0.155352354,0.369456056
-1,0.140975035,0.460978924,0.552242971,0,0,0.417692971,0.322486954,0.429170036
-1,0.291713989,0.366649627,0.415539725,0.215064375,0.4682165,0.362016889,0.286451582,0.359454619
-1,0.442154529,0.209126914,0.350910155,0.496724957,0.110599727,0.457587874,0.146172871,0.384585773
1,0.308961505,0.423056187,0.396097566,0,0,0.285169403,0.18970308,0.671836381
-1,0.158487307,0.459940556,0.462810964,0.280425141,0.185004054,0.303628848,0.534686698,0.241241306
-1,0.371616849,0.364548663,0.317615683,0.32876673,0.515128733,0.325705755,0.140034344,0.359146819
-1,0.194804159,0.366273019,0.43011562,0.536174569,0,0.477459897,0.112269507,0.338881107
-1,0.119774475,0.34759338,0.409478223,0.423854436,0.332058537,0.379032135,0.343018096,0.381992506
-1,0.49953253,0.316478597,0.296488481,0.49103645,0.194370021,0.370660246,0.262792373,0.277592832
1,0.055916423,0.278835511,0.358432338,0.560647006,0.448744194,0.431099339,0.161128726,0.251286386
1,0.063427709,0.422586386,0.325264614,0,0,0.38372953,0.687227398,0.303431632
-1,0.107558901,0.663853388,0.459645385,0,0,0.435480239,0.170706328,0.343033808
-1,0,0.511689297,0.684768821,0,0,0.34955181,0.232647813,0.304883998
-1,0.106395933,0.352256421,0.545610627,0.37651084,0.155246494,0.43902399,0.26696953,0.370172504
-1,0.158833838,0.275918508,0.367664491,0,0,0.487853932,0.654856612,0.310845572
-1,0.073282288,0.377414377,0.292288916,0.417808212,0.406330472,0.326259005,0.520453307,0.223093134
-1,0.090290329,0.354291994,0.784560358,0,0,0.313740685,0.165714997,0.353405159
-1,0.297911577,0.438367909,0.307666832,0.40998255,0.380357695,0.340824648,0.189521952,0.399481802
-1,0.267825478,0.302870935,0.368794066,0.544091924,0.058619205,0.475013927,0.26596234,0.323547859
1,0,0.342986893,0.534748123,0.434135207,0.115996352,0.512457954,0.19344265,0.307315295
1,0.216283996,0.503904356,0.369709767,0.467731934,0.355037054,0.372416533,0.127205661,0.250831606
1,0.334707032,0.265066852,0.184753143,0.213859304,0.755469317,0.220665966,0.201430353,0.278997665
-1,0.08856976,0.322199117,0.479429061,0.592030847,0.119542951,0.428668578,0.150777636,0.295312065
-1,0.403812264,0.313604277,0.445796341,0,0,0.532451456,0.349982641,0.365870513
1,0.427256179,0.39917117,0.234752037,0.38399029,0.389641443,0.288783078,0.318212966,0.345082397
1,0.270288371,0.403245098,0.44277235,0,0,0.327042016,0.322928494,0.597537397
1,0.421920361,0.427691912,0.444751577,0,0,0.445062482,0.164601351,0.464849067
-1,0.454657517,0.289906429,0.310871498,0,0,0.475363532,0.527281281,0.329550722
-1,0.372736355,0.369455698,0.398215637,0.421356357,0,0.407635933,0.366012336,0.297188726
-1,0.40007609,0.404731188,0.541404043,0.294953678,0.186075658,0.35995829,0.197759658,0.304487724
1,0,0.362214855,0.296101945,0.602241043,0.19954422,0.451435379,0.36812421,0.198248663
-1,0.445096887,0.33656981,0.338149366,0.568784648,0,0.393560045,0.171012119,0.25809669
-1,0.163237048,0.356961506,0.430175579,0.481382106,0.297732002,0.425411869,0.292361603,0.272135036
-1,0.347832065,0.375337895,0.396382885,0,0,0.28921179,0.114726247,0.695851533
1,0,0.475102285,0.556799315,0,0,0.531356045,0.253544873,0.342969521
1,0.069662286,0.250570111,0.148848435,0.57521071,0.251576284,0.594349634,0.306358287,0.262566283
-1,0.214168553,0.350158414,0.355924419,0.421051923,0.351564487,0.4750872,0.286103465,0.310472823
-1,0.082666171,0.398711446,0.341492456,0.585073296,0.283460442,0.427025339,0.191301584,0.275628135
1,0.072849488,0.348386437,0.456598493,0.343730206,0.38532864,0.389876617,0.260304565,0.42242964
1,0,0.305860118,0.426372576,0,0,0.308439843,0.468223409,0.640537053
1,0.289924354,0.512530461,0.361366628,0.199495312,0.444192039,0.333935618,0.231996879,0.346742067
1,0.54883705,0.304095235,0.243228373,0,0,0.315011736,0.602332555,0.291731106
1,0.187551605,0.434407509,0.284973713,0.454758899,0.513119868,0.334580183,0.19733302,0.271887144
-1,0.534054866,0.229204979,0.351846233,0.406853012,0,0.3966215,0.270496919,0.377423019
-1,0.190338787,0.373437052,0.460926322,0.243231941,0.170110125,0.311502363,0.545948674,0.358705913
-1,0.170125349,0.434608203,0.363509346,0.334463694,0.434414039,0.446002531,0.066370019,0.38226859
-1,0,0.35693816,0.435378968,0.446372478,0.159276204,0.417230852,0.462241224,0.265846711
-1,0,0.346469994,0.389502595,0.44797499,0.305885167,0.405786219,0.429927944,0.290686174
-1,0,0.445282824,0.481185625,0,0,0.408727204,0.526384291,0.355028523
-1,0.291603757,0.250300249,0.299075546,0.332507205,0.691422095,0.333834384,0.082218674,0.236727673
-1,0.247295459,0.431274449,0.457946545,0,0,0.269810553,0.195875409,0.657242236
-1,0.365646577,0.316844553,0.427101068,0.431313165,0,0.448095098,0.18544186,0.402849651
-1,0.188854164,0.416839818,0.349723817,0.482669515,0.217007079,0.476059811,0.26624038,0.301152961
1,0.69050529,0.304817318,0.324590827,0,0,0.347051247,0.166527571,0.420420793
-1,0.247586866,0.389616377,0.273328298,0.377232634,0.641243141,0.314936534,0.130066721,0.206377969
-1,0,0.414126389,0.530603881,0.449150254,0,0,0.503767475,0.30239252
-1,0.588666315,0.152387871,0.372685039,0.475782377,0,0.332799073,0.055673451,0.388757176
-1,0.113500129,0.245878807,0.258685229,0.390493992,0.246348603,0.268502163,0.704441008,0.279713331
-1,0.343547366,0.412841004,0.38171262,0,0,0.359193202,0.132807728,0.647437518
-1,0.220549246,0.405664462,0.549792637,0.368556823,0,0.467003159,0.083108366,0.351694965
-1,0.060862052,0.338325219,0.320777285,0.598269065,0.452911701,0.353101678,0.215312736,0.211751122
-1,0.37442492,0.436172698,0.433354596,0,0,0.318002444,0.358540925,0.502081669
1,0.451146899,0.319631032,0.30704301,0.275939231,0.28342878,0.266717294,0.528454445,0.305205703
-1,0.042902467,0.268301171,0.250565581,0.354251345,0.759033224,0.270202827,0.261329981,0.143046748
1,0.506514652,0.486529017,0.351740134,0,0,0.470456126,0.076908232,0.394673865
1,0.405475081,0.359880727,0.363056401,0.501070411,0,0.449280658,0.173079752,0.302298865
-1,0.190454493,0.385341065,0.352687337,0.280822847,0.326532086,0.363394143,0.537837269,0.289900129
-1,0.079304496,0.353324034,0.316308698,0.327413858,0.390542553,0.310013025,0.585724036,0.264419533
-1,0.203132908,0.365327053,0.535312403,0.379388221,0.196364484,0.456909172,0.20622248,0.323922308
1,0.705216346,0.276382108,0.212731226,0.334377663,0.172510321,0.263195431,0.300500874,0.282643625
-1,0.278522379,0.429759934,0.446342161,0.520191982,0,0.320802795,0.181508793,0.363387926
-1,0.442895206,0.263786146,0.333472447,0.497557049,0.242342186,0.365113145,0.114441447,0.412746444
-1,0,0.282809781,0.345824681,0.405694921,0.630989807,0.416144884,0.089868482,0.237559473
-1,0.196997003,0.402604381,0.448988166,0.445386872,0,0.453803313,0.321386534,0.299858805
1,0,0.427469655,0.500372107,0,0,0.391339598,0.52592543,0.370342018
1,0.40037773,0.283661813,0.351702681,0.236140849,0.379734489,0.309507687,0.427175261,0.396616161
-1,0.26053504,0.52535815,0.40823865,0.426839741,0,0.437834356,0.197121995,0.276971737
-1,0.328343464,0.402622927,0.397559919,0,0,0.376913492,0.516018002,0.404590041
-1,0.368364248,0.414055958,0.43289913,0,0,0.455711253,0.384581706,0.387153657
-1,0.252931544,0.382519511,0.540442565,0.198903735,0.239890542,0.371434012,0.370030203,0.354443997
1,0.506907147,0.352229891,0.493419505,0,0,0.403654195,0.134834151,0.440907567
1,0.419350455,0.382806707,0.348457009,0.31603389,0.331440826,0.383805081,0.335873228,0.293827036
-1,0.184664335,0.328338004,0,0.41750417,0,0.413935297,0.632823732,0.334626958
-1,0.071846849,0.231997704,0.307032444,0.593248932,0.125801478,0.484817814,0.431904422,0.239554011
-1,0.186227032,0.285445277,0.424441653,0.439343212,0.186815195,0.428993552,0.305467271,0.445445477
1,0.441655765,0.40392043,0.283107719,0.45585126,0.261802658,0.280042057,0.351943575,0.288113962
-1,0.488432887,0.282827377,0.452244763,0,0,0.393994202,0.275719349,0.495645109
1,0,0.292927777,0.435251178,0.502411715,0.263452369,0.578263902,0.157131368,0.209393506
-1,0.364645924,0.426271472,0.405155052,0,0,0.50909105,0.122858496,0.496897835
1,0.33351747,0.354438432,0.389571997,0,0,0.404582347,0.565401178,0.357781758
-1,0.556754732,0.329974813,0.528722692,0,0,0.33395061,0.069110206,0.430457751
-1,0,0.397183932,0.372221203,0.28896703,0.274044094,0.442082022,0.524909071,0.27226484
-1,0.112011559,0,0.590363989,0.440425839,0.093978273,0.481309241,0.296950639,0.340996581
-1,0.525834086,0.31379821,0.449422982,0,0,0.43721506,0.249898563,0.411633187
-1,0.346025906,0.498559054,0.455937842,0,0,0.370372978,0.187149505,0.501621915
1,0.421648046,0.477642161,0.291733473,0.331581304,0,0.335450227,0.397885909,0.358017121
1,0.314872102,0.291186772,0.190624363,0.278565064,0.710699773,0.183777475,0.214619681,0.342344483
1,0.054944011,0.287461179,0.383505621,0.442878064,0.116247906,0.272741942,0.643536839,0.262846494
1,0.495796463,0.276114241,0.335468947,0.475179828,0.257724123,0.268224985,0.35167674,0.278511427
1,0.338203051,0.384300712,0.385409842,0.465431222,0.394788308,0.331570732,0.216503515,0.245140695
-1,0.352994057,0.533848454,0.519592801,0,0,0.412511601,0.148144222,0.358206383
-1,0.529682964,0.295888086,0.29342481,0.509103548,0.201807885,0.30219208,0.195162032,0.341272563
1,0.530150052,0.492205843,0.356016397,0,0,0.357154347,0.257187452,0.395249342
1,0.660737555,0.331450705,0,0,0,0.487326002,0.307832436,0.34830859
-1,0.632993569,0.274901499,0.309954037,0.311113788,0,0.299488897,0.095411001,0.481755286
1,0.291878263,0.376996838,0.349249933,0.470538926,0.447185615,0.356787441,0.204446216,0.245413039
-1,0.126278476,0.541960334,0.521654095,0,0,0.476011224,0.209373239,0.384429328
1,0.277232018,0.404161352,0.408074181,0.23618126,0.16180806,0.328276053,0.555523019,0.308118557
1,0.251859665,0.280526569,0.287014542,0.544667245,0.227389605,0.339906495,0.505239671,0.23732302
1,0.240764582,0.364118877,0.257222618,0.319504018,0.698226793,0.288517842,0.080052353,0.253045427
-1,0,0.369634534,0.455995448,0.251735902,0,0.384847355,0.620164483,0.24363092
-1,0.088919378,0.501561712,0.51932062,0,0,0.553123843,0.186062416,0.360929464
-1,0,0.364653627,0.40007565,0.324801374,0,0.34982605,0.576411818,0.383200243
-1,0.213957947,0.432894923,0.533361622,0.336510299,0.171706954,0.33854015,0.222903312,0.418726144
-1,0.362696009,0.254494044,0.309991168,0.380295737,0.418969019,0.353520389,0.173654791,0.481972327
-1,0.416272966,0.37772876,0.426939164,0.458296126,0,0.308665217,0.300436605,0.325866603
1,0.387962979,0.38851272,0.262505972,0.276489249,0.495330548,0.282106541,0.260139264,0.400721867
1,0.339787958,0.449988967,0.503380763,0,0,0.397430248,0.090984028,0.512282134
-1,0.092142768,0.361560818,0.420016669,0.489108231,0.29242688,0.474548853,0.236107255,0.280510057
1,0.434951864,0.46731514,0.371747229,0.403122509,0,0.3421788,0.195578785,0.36931326
-1,0.210654059,0.348717487,0.450107638,0.455556732,0,0.452586082,0.270824573,0.381722476
-1,0,0.377975242,0.380838959,0.667837588,0,0.417659635,0.209160008,0.21886498
-1,0.410085163,0.428625416,0.396392034,0.357040648,0,0.310801933,0.085186367,0.509559795
1,0,0.434847251,0.351802138,0.388430318,0.360362802,0.502170283,0.29039379,0.264386302
1,0.540666209,0.275013246,0.350853544,0.377934596,0.383496627,0.318709063,0.138487412,0.313514121
1,0.546476349,0.281070939,0.227045794,0.35812123,0.450190367,0.295289494,0.299601693,0.250865886
1,0.340041078,0.302995898,0.300315927,0.548182526,0.320027922,0.377681746,0.309937933,0.246472957
-1,0.424676849,0.361631473,0.342800578,0.417453919,0.309831353,0.329389825,0.291189392,0.328341064
1,0.320689635,0.222834646,0.33804299,0.277407087,0,0.288532345,0.696059828,0.297531385
1,0.417946072,0.382663587,0.39293388,0,0,0.490143935,0.19343764,0.496823337
1,0,0.312619218,0.184658831,0.246360731,0.753456551,0.231926953,0.410713099,0.13154693
1,0.125661237,0.405767531,0.40275333,0,0,0.307992404,0.448453531,0.601150422
-1,0.63862637,0.443756411,0,0,0,0.356640727,0.169061737,0.489348677
-1,0.387492514,0.321293909,0.236560279,0.359136188,0.383668072,0.247308676,0.337188106,0.489511612
-1,0.093188773,0.380901309,0.438059219,0.274811437,0.190365569,0.341159276,0.550285483,0.351240695
-1,0.093728794,0.333304481,0.520706413,0.497527102,0.109410698,0.503072659,0.083935298,0.298925934
-1,0,0.425120992,0.557418263,0,0,0.570285211,0.180783058,0.388135655
1,0.211499006,0.466821622,0.261105318,0.526684606,0,0.406828721,0.407553762,0.245282297
-1,0.107672831,0.216751065,0.134205242,0.206390974,0.73055995,0.15324764,0.555860565,0.120969455
-1,0,0.380327048,0.453145595,0.484690072,0.153757083,0.557625342,0.062757079,0.276695189
1,0.300938345,0.436671404,0.460830573,0,0,0.513513425,0.430256544,0.239943011
1,0.28806485,0.262961815,0.273561075,0.349237358,0.648003758,0.344082498,0.101313241,0.320158279
-1,0.0904291,0.292000888,0.515256516,0.444455382,0.12205251,0.356306311,0.46744121,0.288402338
-1,0.359676256,0.448394709,0.435497821,0,0,0.488204086,0.314121912,0.37802251
-1,0.281352491,0.28366784,0.45421735,0.51625883,0.153949685,0.432083366,0.243639312,0.312698093
1,0.3075665,0.537432619,0.394309129,0,0,0.520052415,0.326561353,0.289814609
1,0.392357302,0.414678144,0.335342257,0.231410439,0.39257416,0.312147411,0.291226942,0.414401924
1,0,0.495864982,0.434439537,0.359753686,0,0.463640873,0.41222648,0.225973369
1,0.540358438,0.402468734,0.359206354,0.247878395,0,0.286861149,0.442375112,0.278520582
-1,0,0.430580422,0.548290798,0,0,0.289115569,0.522691318,0.396463964
-1,0.105082958,0.390861193,0.479002256,0.495819362,0,0.475988794,0.178889047,0.319903853
-1,0.3194905,0.297090129,0.398218374,0.502490538,0.256399641,0.410116782,0.315851578,0.254734945
1,0.308251193,0.583777273,0.395186925,0,0,0.408042186,0.366234959,0.327698217
1,0.341114099,0.276531273,0.202462092,0.245895767,0.365004207,0.23900077,0.664376196,0.27197579
-1,0.132557918,0.395528156,0.358768716,0.456061775,0.469044653,0.392754011,0.193340042,0.278638781
1,0.467448094,0.390622791,0.314438059,0.153165903,0,0.241709504,0.55860127,0.368939242
-1,0.686305022,0.342236148,0.33239263,0,0,0.33216461,0.156995468,0.407914291
-1,0,0.233359859,0.221799797,0.22448495,0.858299842,0.280722107,0.131000045,0.115368982
-1,0.424556318,0.23909107,0.235188529,0.306045988,0.6917603,0.259046453,0.117948424,0.232508912
-1,0.096411357,0.437421421,0.590543568,0.36013203,0,0.450169721,0.122240317,0.321457764
-1,0.6610924,0.318254382,0.272049727,0,0,0.355513288,0.247487623,0.44723608
-1,0.192340756,0.507083997,0.575368267,0,0,0.417715839,0.242164176,0.376420246
-1,0.207496089,0.381655303,0.591146611,0.285553776,0.208151427,0.39269135,0.229049581,0.360959976
-1,0,0.315901101,0.435249245,0.565371285,0,0.499078007,0.189640463,0.325695466
1,0.604140346,0.189318604,0.222317464,0.06928426,0.473819665,0.215549621,0.413349878,0.321127248
1,0.081629828,0.377030251,0.372095273,0.561690241,0,0.425470789,0.393005787,0.248505534
-1,0.230505568,0.34860372,0.306459783,0.5891213,0,0.358763499,0.379459644,0.334156034
-1,0.198519373,0.462515853,0.480736513,0.429314476,0,0.441912601,0.080967543,0.359733428
-1,0.054643193,0.431064495,0.194594864,0.17188422,0.747487822,0.219541903,0.317342037,0.190114482
1,0.504216824,0.290405754,0.248121008,0.252326365,0.250814528,0.236782973,0.549886019,0.338893088
-1,0.224300328,0.583701612,0.362111955,0.220485414,0.354559224,0.35838409,0.19821206,0.368515244
1,0.268629473,0.516060228,0,0,0,0.416711272,0.604181323,0.350480659
-1,0.31440726,0.305214423,0.391882537,0.494495684,0,0.391398535,0.426514923,0.273471267
-1,0.214468523,0.414934478,0.407340498,0.210820829,0,0.35930967,0.126771765,0.652906125
1,0.372716388,0.468459964,0.411467448,0,0,0.462540818,0.186714123,0.472774919
-1,0.329090025,0.258264562,0.346897947,0.232914846,0.16086305,0.343056443,0.581821956,0.41028067
1,0,0.468279709,0,0,0,0.467482756,0.686766748,0.300874428
-1,0.122573928,0.320646829,0.27936589,0.506054569,0,0.380285432,0.59828162,0.213229475
-1,0,0.557101631,0.494896094,0,0,0.52028427,0.092412394,0.406792154
1,0.225281569,0.672198276,0,0,0,0.480518319,0.239693988,0.457216174
1,0.506818838,0.209229537,0.310439158,0.368667136,0,0.358508272,0.510483036,0.279192812
-1,0.18849836,0.416054485,0.416192804,0.592935579,0.192531764,0.368434008,0.106964037,0.286922603
-1,0.278356072,0.462687905,0.515465192,0,0,0.3310464,0.208960113,0.538031029
-1,0.07266269,0.21087189,0.403674549,0.714268382,0.119278115,0.374223574,0.271878055,0.221206891
-1,0.747382082,0.249088723,0.286630675,0,0,0.305005046,0.12794499,0.433381691
-1,0.128290667,0.262188681,0.319807323,0.655765196,0.133375698,0.402996876,0.385038334,0.232473237
1,0.572010019,0.354046522,0.349206358,0.385564277,0,0.335917832,0.214460612,0.343535388
-1,0,0.383107101,0.410812132,0.407517045,0.381357913,0.388655104,0.362780619,0.300492553
-1,0.352492704,0.328498848,0.371567007,0,0,0.272308416,0.465053907,0.582536136
-1,0.130110674,0.287180903,0.287276377,0.127897743,0.659727379,0.25532012,0.508170057,0.20747869
1,0,0.544131261,0.454595661,0,0,0.536071537,0.27002169,0.370107485
-1,0.601545636,0.317180999,0.325617299,0.331136126,0.26771037,0.334999854,0.14934024,0.340095648
-1,0.474175389,0.36824892,0.424569642,0.199761679,0.383009415,0.340461155,0.157359329,0.363337798
1,0.494201122,0.464601316,0.432443561,0,0,0.332936078,0.103285621,0.481029191
1,0.171754816,0.379098055,0.489321403,0,0,0.359686619,0.197209997,0.647366407
-1,0.43254714,0.343497188,0.325680999,0.31585569,0.304302805,0.249224275,0.354478517,0.456849831
-1,0.194409627,0.246336254,0.232622835,0.336341449,0.773002763,0.23342121,0.213397165,0.191643708
1,0.057315696,0.278785,0.351072909,0.439458763,0.459973734,0.405433846,0.410615335,0.240956949
-1,0.409582229,0.401791939,0.408408185,0.342223625,0.183026501,0.330389349,0.308681261,0.385942272
-1,0.345511351,0.305045725,0.354364419,0.584171981,0.189055955,0.386973394,0.161138122,0.330578148
-1,0,0.26856628,0.527978185,0.480270553,0.122914971,0.482187519,0.324151453,0.256445564
1,0,0.334335765,0.337572588,0.450870057,0.206356755,0.434023117,0.513093249,0.277049954
1,0.108097572,0.282777457,0.300265781,0.393158454,0.358834435,0.363040793,0.586566957,0.242893293
1,0.063305568,0.331207949,0.216425507,0.560059767,0.448002484,0.397720999,0.344074603,0.220252597
-1,0,0.518006386,0.280321021,0,0,0.267415188,0.177273703,0.741722766
-1,0.391942051,0.403177633,0.288461327,0.398118406,0.285949038,0.359733226,0.400799286,0.26515299
1,0.108752607,0.32449754,0.271102185,0.406231157,0.714083444,0.236183362,0.162476223,0.228599653
-1,0,0.353400198,0.410536669,0.391223849,0.538173878,0.32678893,0.316374119,0.238740721
1,0.697540356,0.203652701,0.276796888,0.244884481,0.334422823,0.282881129,0.182007277,0.332251555
-1,0.505133713,0.289056848,0.323797999,0,0,0.231158549,0.470268498,0.530899417
1,0,0.565016541,0,0,0,0.414743826,0.615755094,0.359985461
1,0.151962935,0.44721776,0.313878066,0.492948523,0.374177982,0.372457179,0.284295747,0.275369334
-1,0.358211058,0.225480288,0.418415855,0.577474475,0.109762769,0.397863042,0.099093192,0.363500419
1,0.36954539,0.347411745,0.515880554,0,0,0.606505922,0.136960176,0.300001691
-1,0.275424182,0.562886645,0.496958019,0,0,0.299076092,0.168500577,0.492436715
-1,0.147371081,0.361420176,0.398860624,0.535998965,0.282233367,0.453789425,0.14046592,0.30977628
1,0.596741052,0.392699785,0.289014828,0.269832156,0.287340358,0.236052,0.17248596,0.406585289
-1,0,0.517228788,0.447350018,0.254226745,0.498668284,0.355341981,0.117111494,0.281190363
1,0,0.304341735,0.281732455,0.217288241,0.381954787,0.275222604,0.717430828,0.210819397
1,0.127900899,0.324126217,0.309726106,0.352031549,0.47822717,0.32637816,0.496137313,0.278120336
-1,0.469779988,0.256024851,0.368054807,0.461789941,0,0.318219026,0.217289046,0.465366381
-1,0,0.304851855,0.350798269,0.511818265,0.379867906,0.430043032,0.377432865,0.22440094
1,0.167578623,0.530846786,0.441616853,0.28003834,0.293424678,0.345741767,0.321681994,0.327959543
-1,0.272302844,0.419235681,0.323240838,0.178447667,0.281440524,0.415369427,0.503796899,0.328956762
1,0.398745403,0.253789131,0.324573406,0.347167686,0,0.317229588,0.569209054,0.355086362
-1,0.176180797,0.403269586,0.426641192,0.381005467,0.302059995,0.465977066,0.246030734,0.332024254
-1,0.296774025,0.400302866,0.563663504,0.213932748,0.23095182,0.296171681,0.249099701,0.430223149
1,0.252167426,0.62529937,0.443021443,0,0,0.39769411,0.257120711,0.353373206
-1,0.216937488,0.339906966,0.339924592,0.554444286,0.369299033,0.427385632,0.096173373,0.293521063
1,0.406844475,0.537684818,0.376701259,0,0,0.247187567,0.077556306,0.579958704
-1,0.283649607,0.373904573,0.303039152,0.167295166,0.597545467,0.30250773,0.331347,0.318677774
1,0.260391074,0.397348642,0.457469195,0.511924654,0,0.425474474,0.151607714,0.314566691
1,0,0.469820482,0.462151882,0.364478014,0,0.393997568,0.208759063,0.483762029
1,0.658239359,0.314581338,0.324569944,0.328499253,0.05356428,0.210502316,0.328176974,0.315628955
-1,0.172305512,0.394399239,0.460209664,0.541999773,0,0.477110505,0.113052748,0.262274674
-1,0.081071962,0.520258526,0.415746379,0.334710956,0.49684022,0.321952822,0.088415015,0.282065397
1,0.069874912,0.348441582,0.318512547,0.439593442,0.397633215,0.380460855,0.428723809,0.303885807
-1,0.645565839,0.472326643,0.321857681,0,0,0.35150317,0.114477667,0.346266241
1,0.144959118,0.302179214,0.443955347,0.512977121,0.317273333,0.511574076,0.081614909,0.241663614
-1,0.45000249,0.321885814,0.373927153,0.471838741,0.186041298,0.358340563,0.081128553,0.40228448
-1,0.423946051,0.255594489,0.271755536,0.197949386,0,0.189895282,0.693517139,0.353383547
-1,0.212916262,0.378570669,0.439776611,0.334871951,0.201938424,0.540017929,0.156688513,0.385821774
1,0.083969627,0.617793878,0,0,0,0.564016369,0.209952749,0.499084367
-1,0.757732549,0.273583206,0.359790739,0,0,0.231168305,0.07670179,0.40276828
-1,0.111406716,0.432597344,0.476088749,0.394242852,0.23570899,0.41303881,0.256823614,0.355305507
-1,0,0.384619385,0.308700435,0.482110689,0.530487696,0.423755605,0.13096292,0.214951059
-1,0,0.378862369,0,0,0,0.415379468,0.654655593,0.505320945
1,0.408582411,0.384110673,0.442332196,0,0,0.395499415,0.248515806,0.521230986
1,0.482605911,0.333152124,0.297899673,0.358433833,0.334489908,0.284483984,0.42457246,0.256526334
1,0.471963744,0.490545699,0.40338076,0,0,0.417316044,0.197874042,0.400739675
-1,0.091622899,0.48685121,0.456801336,0.234167885,0.350937769,0.368116583,0.383438981,0.292209679
-1,0.082484845,0.320292406,0.434741582,0.34054414,0.219651315,0.3314023,0.492197568,0.430471648
-1,0.091858077,0,0.444888886,0.632070241,0,0.455983276,0.316823351,0.292959722
-1,0.41400523,0.41289966,0.507177024,0,0,0.445704364,0.212904115,0.396111681
-1,0.533648357,0.259022605,0.342076298,0,0,0.380797946,0.286851525,0.55119838
-1,0.468869889,0.301843462,0.367341779,0.414805789,0.230899448,0.350029522,0.181358543,0.416319088
-1,0.087453667,0.496868768,0.286524099,0.32667175,0.264784709,0.389351195,0.507114477,0.278912896
-1,0.391776272,0.619189718,0,0,0,0.47606508,0.216525333,0.435424236
-1,0.30323757,0.409021201,0.446353288,0.37756811,0.272853956,0.341821862,0.250043857,0.380980711
1,0.377235328,0,0.429890291,0.474648686,0,0.47985254,0.231456129,0.404680207
-1,0.35417632,0.332963194,0.504515848,0,0,0.579633622,0.186062182,0.372242036
-1,0.350174739,0.490223652,0.523756474,0,0,0.423702479,0.195603038,0.380727251
-1,0.23926209,0.198852632,0.465791744,0.439026384,0,0.425591229,0.171834018,0.531836765
-1,0.100803225,0.370822268,0.445134659,0.237813017,0.158117399,0.425328924,0.51838527,0.350714364
-1,0.262007123,0.321279655,0.48518989,0,0,0.578497262,0.432866409,0.265875932
1,0.574245007,0.43031604,0.39991039,0,0,0.30089148,0.170848785,0.453230038
1,0.062665138,0.320173132,0.223162542,0.492794602,0.381750181,0.323706799,0.534504425,0.254361816
1,0.709170741,0.287637853,0,0.321742671,0,0.337646258,0.275213642,0.347958957
-1,0.650718634,0.195048916,0.285804468,0.426434115,0.106817532,0.296939718,0.181741468,0.377329814
1,0.054473553,0.436405933,0.294865927,0.385538857,0.494791046,0.308432516,0.422614107,0.229008492
1,0.265029337,0.409481818,0.241617962,0.343888647,0.62841145,0.256542977,0.273995061,0.222838297
-1,0.353808197,0.456987,0.352794027,0,0,0.327111445,0.129872878,0.646258582
-1,0.294685572,0.248127537,0.453354489,0.428716842,0,0.358390529,0.159381879,0.555354266
1,0.261634045,0.390333649,0.363374262,0,0,0.390639884,0.301569795,0.635297218
-1,0.239838705,0.360267832,0.316021256,0.294699392,0.640860762,0.324613289,0.204677565,0.260764472
-1,0.39290657,0.317982598,0.302230537,0.432570869,0.237921758,0.414457299,0.34767228,0.341749925
1,0.517093228,0.43680556,0.441952295,0,0,0.368984626,0.281200218,0.36231264
-1,0,0.480347581,0.530384267,0.388878771,0,0.379041049,0.259977724,0.354219564
-1,0.287477249,0.317260582,0.586956577,0.301427006,0.230708154,0.408786465,0.259988349,0.305613682
1,0.068605294,0.372956466,0.49840581,0.377655324,0.350366396,0.34907043,0.142338937,0.44754636
1,0.101272756,0.238707658,0.197156239,0.31856097,0.572612878,0.20108709,0.639626034,0.122343041
-1,0,0.269684826,0.25487715,0.252832803,0.181531677,0,0.85816922,0.170220873
-1,0,0.312738705,0.41520134,0.39396361,0.219297759,0.505845734,0.440149499,0.277294118
-1,0.158357494,0.339818326,0.32708597,0.622656561,0.271502143,0.428662647,0.157957909,0.2869568
-1,0.127096507,0.316892762,0.235359785,0.537219818,0.366266743,0.356856636,0.459773578,0.257946439
1,0.51053977,0.243458667,0.248477736,0.35966381,0.504392332,0.258711651,0.199173928,0.357720816
-1,0,0.399128791,0.581938725,0.293838921,0.305319243,0.389511459,0.264155423,0.317781549
-1,0.080026868,0.284579719,0.341989182,0.582126671,0.218944413,0.461806829,0.361163487,0.255226867
1,0.309248382,0.492970481,0.41298474,0,0,0.5792635,0.163145326,0.358645437
-1,0,0.225611441,0.422721752,0.455065444,0.155882936,0.399577125,0.537285692,0.30113777
-1,0.07493623,0.327736258,0.384281638,0.44197026,0.224151926,0.358033897,0.545488038,0.260717972
-1,0,0.466171931,0.526068331,0.469797371,0,0.336991956,0.227284692,0.346416458
-1,0.074338163,0.33119761,0.317678901,0.116918104,0.493537315,0.292905232,0.624183145,0.226307531
-1,0.069693566,0.256379954,0.307758226,0.246629567,0.149996622,0.271361352,0.783541802,0.252580942
-1,0.090718391,0.463504787,0.45229176,0.428042146,0.364019632,0.341966215,0.177761557,0.328778368
-1,0.114194347,0.555444202,0.439201344,0.291855518,0.208281833,0.395030889,0.207562407,0.397304728
1,0.360039711,0.341418666,0.379522402,0.410542715,0,0.360798324,0.421380631,0.365356074
1,0.482065271,0.258615189,0.429181659,0.426479648,0,0.404748589,0.127692089,0.393093859
1,0.271417147,0.319505722,0.317034427,0.277472902,0.564350505,0.269462815,0.217548426,0.456418413
-1,0.217846073,0.296809196,0.351692162,0.328349431,0.214560752,0.355956684,0.611005229,0.294750397
-1,0.070597987,0.288563362,0.331865074,0.402504061,0.504760278,0.350448241,0.27792366,0.42984264
1,0.377960959,0.512901416,0.409181346,0,0,0.535888857,0.227879936,0.295875217
-1,0.055738109,0.298450558,0.254072405,0.153412312,0.84379531,0.204918969,0.192243676,0.16968342
-1,0.340760162,0.403920306,0.436864362,0.200978695,0.270361508,0.292053683,0.349719662,0.45693922
1,0.293686048,0.474164769,0.407890154,0,0,0.374714768,0.522744055,0.329953625
-1,0.099533556,0.258340275,0.205585659,0.23481764,0.499239571,0.213845878,0.706008194,0.180362988
-1,0.202589225,0.26498128,0.269344687,0.451392104,0.283289,0.258745992,0.565219735,0.381792667
1,0,0.431322635,0.378661642,0.633464126,0,0.42860555,0.139987219,0.256905055
-1,0.333674179,0.372789842,0.554529535,0,0,0.36405365,0.383619947,0.403096698
1,0.223456229,0.587594053,0.371359507,0.453955055,0,0.403253575,0.15916167,0.269947373
1,0.402562194,0.390791827,0.458752311,0,0,0.499579446,0.14366438,0.452274993
-1,0.466126027,0.435032339,0.337526001,0,0,0.291641322,0.104011003,0.619416371
1,0.330680688,0.36764326,0.395679373,0.533092579,0.212304052,0.359077722,0.167708508,0.335563534
-1,0.62825119,0.205433932,0.387802594,0.343092142,0,0.342183829,0.173300205,0.384540684
1,0.400656467,0.550250324,0.365264465,0,0,0.408958877,0.095914917,0.476270735
-1,0.143265405,0.360134991,0.244893845,0.450651963,0.431153646,0.467815946,0.330266797,0.269993042
1,0.337973167,0.397163146,0.433291354,0,0,0.378792753,0.281682787,0.563440355
-1,0,0.493094996,0.527445189,0,0,0.405775716,0.355835981,0.432880722
1,0.44986719,0.452803141,0.296381676,0,0,0.225930928,0.593822061,0.317926572
1,0.03749607,0.263610724,0.181601723,0.361211682,0.791956088,0.246622787,0.233385087,0.152198956
-1,0.390469587,0.271321998,0.417161067,0.498976994,0,0.360400818,0.388907298,0.264156853
-1,0.072973893,0.334067643,0.37421855,0.430396494,0.468507954,0.389410403,0.341626597,0.26446939
-1,0.052433517,0.306474182,0.313699314,0.237091931,0.592935512,0.344870805,0.500232024,0.167224364
-1,0.092237598,0.539129252,0.486144082,0.398942789,0.205245954,0.374878788,0.209362158,0.280798749
1,0,0.403902271,0.306002436,0.492715623,0.436215999,0.384331539,0.339031326,0.217989472
1,0.136655873,0.322108378,0.272528313,0.295529567,0.787629855,0.252264914,0.104202223,0.145277251
-1,0.074648396,0.2959655,0.361538617,0.308190842,0,0.314971295,0.724744346,0.238073497
1,0.274140987,0.403390202,0.400270082,0.431165409,0,0.409313718,0.336646404,0.367606848
-1,0.10548682,0.357869895,0.510895892,0,0,0.297818162,0.583623842,0.412885711
1,0.249392891,0.438330203,0.378937936,0.473958989,0.348736526,0.340446074,0.161419933,0.337433917
-1,0.063098502,0.306912716,0.39548227,0.508607614,0.391295409,0.443403217,0.283646378,0.237826522
-1,0.188390811,0.361914886,0.456209085,0.333335968,0.261144026,0.37991344,0.468535838,0.286758898
-1,0,0.297558259,0.325333089,0.645447242,0.203074013,0.449500923,0.313873663,0.217275195
-1,0.189312498,0.444934418,0.43147393,0.40940385,0,0.452253144,0.3533309,0.288161842
1,0.444669113,0.343062143,0.308792594,0.349684922,0.425797447,0.3699013,0.254300323,0.290079718
1,0.222588663,0.418513763,0.309145514,0.42666558,0.562289018,0.319393713,0.130255842,0.250076355
-1,0,0.668341157,0,0,0,0,0.394831396,0.63041912
1,0.067237291,0.497436504,0.306489412,0.396562289,0.441488599,0.355669131,0.195539402,0.370392078
-1,0,0.352354801,0.427514356,0.577477857,0.337755428,0.402165836,0.160792625,0.240679326
1,0.07253581,0.28165985,0.423634788,0.356510584,0.476279352,0.393823929,0.149850647,0.452156533
-1,0.300596833,0.608188874,0,0,0,0.517593684,0.1439224,0.501129683
-1,0.248304386,0.30109394,0.436234644,0.26035329,0.256636748,0.390317756,0.404357003,0.45594727
-1,0.098724476,0.322822424,0.520333578,0.2134998,0.216079153,0.459438811,0.461302369,0.314858487
-1,0.199550534,0.566874042,0.532978215,0,0,0.396227352,0.147737111,0.419458291
-1,0.073730613,0.271230939,0.35709359,0.115962557,0,0.280217671,0.743944165,0.384785088
1,0,0.583806662,0,0,0,0.666267313,0.184121777,0.425860095
-1,0.661426382,0.315411247,0.333690997,0.357597241,0,0.319781591,0.119245041,0.327606124
-1,0.418951749,0.50345448,0.447590194,0,0,0.388639358,0.322428903,0.340110407
-1,0.120202789,0.476579272,0.599291171,0.354475116,0,0.339365367,0.156668654,0.365933125
-1,0.436729965,0.31834233,0.456215157,0,0,0.41551925,0.469187448,0.327108117
1,0,0.524160103,0.502587776,0.333482651,0,0.361018115,0.261693404,0.403278463
-1,0.185759576,0.315099837,0.436606751,0.41998038,0.169405693,0.463936642,0.409286893,0.29621823
-1,0.32684458,0.390765335,0.372465942,0.433735543,0.357683845,0.420824455,0.166632368,0.284289242
1,0.532962885,0.29408956,0.332146986,0,0,0.315201596,0.564105826,0.318704948
1,0.372309876,0.445122245,0.411018672,0.219586564,0,0.428827476,0.313601691,0.404793665
1,0,0.260595023,0.196772607,0.438697583,0.018088792,0.326371911,0.759994308,0.128366777
-1,0.090533281,0.370047207,0.464265115,0.213584364,0.231176179,0.355312404,0.52818296,0.367480397
-1,0,0.280306565,0.411316447,0.638635796,0.242262058,0.408728805,0.211215101,0.272083388
1,0,0.341443627,0.366135695,0.584276576,0.187522574,0.418656334,0.363209509,0.256169469
-1,0,0.462195377,0.496652351,0.333463218,0.216557292,0.445837821,0.238117094,0.355170359
-1,0.107195788,0.359286124,0.488633221,0.273968747,0.371482284,0.35252926,0.39443555,0.35741555
1,0.188006719,0.514869357,0.468669521,0,0,0.421427436,0.451744522,0.313428943
-1,0,0.264064005,0.34383743,0.446631009,0.543844849,0.439413532,0.239824834,0.257292329
-1,0.141327758,0.343710901,0,0,0,0.214849888,0.521279964,0.737560849
-1,0.16526268,0.337748685,0.317807287,0.45486527,0.316497932,0.484527224,0.364858419,0.287490782
1,0.735318816,0.375694264,0.231934113,0.309776772,0,0.273759065,0.098726499,0.289333771
-1,0.074271598,0.409831571,0.285654997,0,0,0.307620745,0.452407442,0.667547765
-1,0.419160657,0.294684865,0.406017467,0.461475332,0.217122904,0.392734487,0.270559087,0.291668573
1,0.445596282,0.26955795,0.266591403,0.420496851,0.385235842,0.25990282,0.395481224,0.329442497
-1,0.476786439,0.290158338,0.279214778,0.343696632,0.115949643,0.21284465,0.216067502,0.622062886
-1,0.563265803,0.306973576,0.320943562,0.270690808,0.127848514,0.201936953,0.40674768,0.435491818
-1,0.1211174,0.351490636,0.534839562,0,0,0.409585544,0.446735127,0.456507349
-1,0.492305256,0.186133729,0.306808807,0.483932098,0.109996115,0.336977403,0.384666031,0.347918065
-1,0.400422487,0.288058038,0.444906093,0.472334492,0,0.342877609,0.183197016,0.429554295
-1,0.586129771,0.275511984,0.409114765,0,0,0.218216011,0.531122758,0.288895372
-1,0,0.507946176,0.399724218,0.256135893,0.383860318,0.338910653,0.401638934,0.305094458
-1,0,0.381338998,0.466938055,0.247862361,0.165565526,0.543697097,0.300699803,0.402088079
-1,0,0.300639327,0.34564514,0.536670393,0.276606236,0.432867113,0.403391431,0.274810347
1,0.669710015,0.410607544,0,0,0,0.389582688,0.13583076,0.461156453
-1,0.352556507,0.369868271,0.326435501,0.473632279,0.300083628,0.420203823,0.297484147,0.229990097
-1,0.06771591,0.398567686,0.395484867,0.532513552,0,0.433832778,0.364443028,0.274863226
-1,0,0.455711821,0.405736606,0.607973155,0,0.419122067,0.122664816,0.259544257
-1,0,0.434004412,0.419437777,0.47363308,0,0.537046172,0.204902996,0.284569846
-1,0.496829463,0.394545489,0.454964078,0,0,0.329201708,0.132153549,0.514454764
-1,0.417160617,0.485956095,0.4753884,0,0,0.467544273,0.116510238,0.362846083
-1,0,0.405597213,0.433341324,0.384476003,0,0.306739538,0.148350064,0.619505864
1,0.122526082,0.262927929,0.349071051,0.541989678,0.426843527,0.320265413,0.386205438,0.257551708
-1,0.524403698,0.349077156,0.405514693,0.250378238,0.300605673,0.276583489,0.30953079,0.336664471
-1,0.525486878,0.338291671,0.346201468,0.490721896,0.179709044,0.263908417,0.094348964,0.371367918
-1,0.260460747,0.351321796,0.398846733,0.396847763,0,0.28282768,0.241905949,0.594690126
1,0.167998612,0.361651605,0.279195089,0.330282562,0.670031259,0.308385806,0.170802064,0.284132145
-1,0,0.38786574,0.48354334,0.561188953,0,0.421261422,0.134754692,0.32433463
-1,0.382303067,0.332059255,0.394821761,0.413380916,0.170836495,0.41216791,0.259310111,0.387948172
-1,0,0.276374699,0.470120592,0.490582183,0.367042978,0.476996373,0.166293885,0.268389702
1,0,0.512882377,0,0,0,0.593341548,0.483383348,0.38889332
1,0,0.335264549,0.294265401,0.501688602,0.554091877,0.398682294,0.196629235,0.211389845
-1,0.044898838,0.255093136,0.198267754,0.361908605,0.786163941,0.283472608,0.213378238,0.136685449
-1,0,0.336260785,0.264180736,0.299165271,0.459688779,0.343017114,0.488669143,0.399831612
-1,0.383335083,0.387795391,0.49144664,0.320293002,0,0.38057489,0.249813636,0.388995426
-1,0.466615507,0.462508568,0.332341414,0,0,0.236151809,0.284951543,0.566515595
-1,0.163936197,0.278081325,0.379475301,0.451214288,0.19734475,0.467922866,0.457136333,0.285183234
-1,0.156226703,0.284160789,0.500717854,0.460708768,0,0.405930484,0.202235949,0.47560066
-1,0.314201328,0.317857228,0.38043655,0.586829008,0,0.399671755,0.100987184,0.375776704
1,0.245797062,0.313960911,0.306365623,0.217454877,0.273472278,0.275483839,0.623294011,0.400864037
-1,0.528319757,0.575856742,0,0,0,0,0.271690892,0.56165052
-1,0.399422591,0.451687772,0.350863661,0,0,0.274691107,0.179434187,0.636932187
-1,0.47553093,0.427612432,0.460620196,0,0,0.383586843,0.246230503,0.41361655
-1,0.185615282,0.307268205,0.475928296,0.273687488,0.257296635,0.433343032,0.450112727,0.336350152
1,0.412282917,0.469440747,0.293643665,0.382112453,0.311531585,0.229325638,0.08512069,0.469599771
-1,0.346117806,0.363113407,0.304039289,0.362913081,0.406131601,0.262193488,0.429126058,0.326140841
-1,0.181914426,0.434982594,0.583048861,0.339758787,0.235576669,0.355565221,0.252424623,0.276900874
-1,0.251714306,0.288081124,0.43027334,0.527857352,0,0.484184824,0.198631508,0.340574841
1,0.388998645,0,0.314001012,0.522589461,0,0.392232011,0.417908768,0.385343983
-1,0.469989558,0.257968628,0.306052153,0.329997105,0.193488003,0.346829469,0.439335973,0.399063413
-1,0.220204333,0.288021369,0.407778669,0.562793618,0,0.424712483,0.154893002,0.425630248
-1,0.696774938,0.213600693,0.406941208,0,0,0.359930246,0.162479474,0.383834498
1,0,0.523286043,0.455916784,0.363555797,0.233505474,0.402709827,0.198014802,0.360872432
-1,0.076029391,0.403992905,0.324906246,0.343786882,0.47148428,0.337309937,0.46648517,0.231456134
-1,0.157245207,0.269945182,0.279990131,0.355512774,0.217970538,0.370768299,0.674796798,0.239350646
-1,0.523883478,0.32119948,0.363801608,0,0,0.253960582,0.237475197,0.607564761
1,0.702416736,0.200974873,0.300172842,0.356742828,0,0.269681803,0.154141751,0.390336643
-1,0,0.470169791,0.365433229,0.276579459,0.633938498,0.283703643,0.151883861,0.25192904
-1,0.626718187,0.2590121,0.337259349,0,0,0.261412736,0.123483809,0.585498341
-1,0.21428843,0.398528139,0.473135694,0,0,0.45374616,0.498744666,0.341711264
-1,0.309919304,0.41803384,0.397325492,0.385887691,0.324087743,0.410250319,0.141058197,0.359423527
1,0.243660369,0.54112814,0.404936551,0.287419414,0.311092631,0.398136793,0.192996161,0.329677692
1,0.471614958,0.310571741,0.328437721,0.350270797,0.315402977,0.24630276,0.358219871,0.40261395
-1,0.48469935,0.353780004,0.424129172,0,0,0.40387208,0.186637202,0.511932215
-1,0.805181705,0.192403519,0.264683637,0,0,0.315141776,0.098849229,0.368130915
-1,0.316345026,0.27800227,0.337969544,0.072558409,0.626995093,0.16030513,0.272071454,0.458594559
-1,0.188243619,0.261606212,0.469260073,0.592134272,0.226605781,0.365015969,0.156056588,0.341112916
-1,0.223745086,0.378009582,0.424959493,0.483867156,0.353681535,0.384106737,0.201689052,0.281108182
-1,0.694085155,0.539032845,0,0,0,0,0.193853454,0.436016316
1,0.583122778,0.344278356,0.323028494,0,0,0.343736137,0.374554765,0.422666568
-1,0.316059169,0.538277249,0.435211567,0,0,0.516435169,0.141050399,0.366544129
-1,0.318658701,0.377722322,0.453921834,0.375886721,0,0.359205195,0.41815542,0.323364029
-1,0.108679478,0.43089172,0.495396362,0.405957992,0.325085933,0.306831907,0.288117054,0.330852732
-1,0.283124138,0.447468537,0.497407878,0.278308745,0.361477878,0.385028591,0.089534344,0.3283483
-1,0,0.355219759,0.349165732,0.452693259,0.509397739,0.354890756,0.324682989,0.236893394
-1,0,0.430597604,0.439378105,0,0,0.36217332,0.555384721,0.426510119
-1,0.165205272,0.411910259,0.352996544,0.292311811,0.319401207,0.381849089,0.525125727,0.263441672
-1,0,0.360833889,0.446594693,0,0,0.579768293,0.501821216,0.287047519
-1,0.060811586,0.21376355,0.28586143,0.621683906,0.14419044,0.389599122,0.494431235,0.255653778
-1,0.569155098,0.352833363,0,0,0,0.438507709,0.421373616,0.426293745
-1,0.066285832,0.2086221,0.264383312,0.390950634,0.135408374,0.342410077,0.735238531,0.230621527
1,0.422945281,0.570488633,0,0,0,0.53963695,0.283127053,0.352549348
-1,0,0.37917752,0.566333454,0,0,0.405674501,0.154319522,0.589155762
-1,0,0.177736196,0.326008332,0,0,0.256799087,0.497152612,0.740960135
-1,0,0.319091346,0.350249656,0.447140604,0.470888962,0.34613909,0.43819631,0.20495483
1,0.16475176,0.289565882,0.359850351,0.529035529,0.310511213,0.310092869,0.471340109,0.254757321
1,0.432338324,0.220893339,0.284833302,0.424985087,0.423846879,0.33030227,0.316727258,0.336876015
1,0.212589421,0.370748358,0.363394364,0.348289479,0.491146188,0.356161518,0.344939534,0.277365248
1,0.543540051,0.199950702,0.329060515,0.341949113,0,0.294264971,0.397590257,0.441252791
-1,0.330855218,0.283992032,0.530207422,0.374012214,0.168967355,0.506823427,0.116607197,0.29976843
-1,0.085193296,0.306434012,0.473287813,0.485717077,0.236186895,0.422899323,0.275707462,0.358155238
1,0.428180736,0.406910553,0.343087538,0.368285935,0.439295179,0.286442741,0.200737143,0.287082519
1,0.254248037,0.388667371,0.275249471,0.269917672,0.383967735,0.343918614,0.466185087,0.390689159
-1,0.309813369,0.41472511,0.375123587,0.319771246,0.469013165,0.397694647,0.109877907,0.314388087
-1,0.063880862,0.428216587,0.373086827,0.5400316,0.156128559,0.325032058,0.193141402,0.463029496
-1,0.248609974,0.480141488,0.48694122,0.378791481,0,0.274779929,0.374729345,0.333371269
-1,0.095674918,0.453633333,0.477003356,0.526666969,0,0.40665887,0.173052748,0.291262974
-1,0.237868312,0.272234708,0.384016199,0.467645266,0.306589998,0.392362603,0.415482801,0.28735796
-1,0.412147137,0.320077216,0.430535539,0,0,0.296228897,0.150434769,0.657223161
-1,0.097633153,0.351179258,0.431136011,0.460668489,0.156706414,0.452845535,0.365308685,0.325531512
-1,0.085035547,0.291963573,0.387619647,0.384510585,0.356726304,0.486752809,0.355117155,0.345164744
-1,0.443071504,0.320808847,0.315572475,0.410647962,0.496422002,0.250378797,0.090354937,0.339504387
-1,0.078811295,0.312470536,0.392926937,0.619766944,0,0.465795223,0.15233342,0.342750114
-1,0.555736866,0.312335089,0.376026203,0,0,0.299575026,0.14597477,0.58408372
-1,0.621058327,0.237698149,0.273447472,0.443996603,0,0.404634835,0.063075468,0.34376122
-1,0.749374029,0.236686643,0.359056645,0,0,0.318092945,0.181208031,0.345654236
1,0.445572528,0.379425086,0.40198148,0,0,0.389372652,0.079671457,0.581338122
1,0,0.463858821,0.269426922,0.360580045,0.572873988,0.367200614,0.255108958,0.232647118
-1,0.08207792,0.291873365,0.397521433,0.548637146,0.230544012,0.478735655,0.29182396,0.285565323
-1,0.495173602,0.333956807,0.352681582,0.308276051,0.162568641,0.344381729,0.363674505,0.382845987
-1,0,0.346431263,0.530691457,0,0,0.468115921,0.496308278,0.364551143
-1,0.180849593,0.351123597,0.347781596,0.248883169,0.290273236,0.366108352,0.59970735,0.288388613
-1,0.085325262,0.345272269,0.437557796,0.503244271,0.056025652,0.510912497,0.311691589,0.259755537
-1,0.42423986,0.265886887,0.312231853,0.444825987,0.324988167,0.350987611,0.053287995,0.471504606
-1,0.285077008,0.448612936,0.365476951,0.406331181,0.327574078,0.346041453,0.213584206,0.382271404
1,0,0.37710342,0.358422662,0.449704709,0.458930535,0.405697132,0.137237406,0.364760712
-1,0.289839534,0.308020657,0.481681209,0,0,0.487081144,0.231286544,0.54622159
-1,0.194082447,0.515642241,0.663518127,0,0,0.340209386,0.230590436,0.295422415
-1,0.261098646,0.394870978,0.359531258,0.530426252,0.139692414,0.398278598,0.331819614,0.277570899
-1,0.189944751,0.380427803,0.405857755,0.317414071,0.415733795,0.511220623,0.166729607,0.302892047
-1,0.053617251,0.313393114,0.328419011,0.316231951,0.645439087,0.250352899,0.424052501,0.178772315
-1,0.075643624,0.367932506,0.237055643,0.698956479,0.173839977,0.41656451,0.187793515,0.274144931
-1,0.429864247,0.316266143,0.224521558,0.28170206,0.339750582,0.266730639,0.516441168,0.363509702
1,0.162737125,0.392452881,0.463630423,0,0,0.541496338,0.499965585,0.247710163
-1,0.702716459,0.382015196,0.34034105,0,0,0.294323865,0.152649872,0.366733441
1,0.081093224,0.326489838,0.202151937,0.789168454,0,0.21825572,0.206715313,0.364430022
1,0,0.41265308,0.428575241,0.604640252,0,0.436639435,0.219929464,0.203538446
-1,0.514525368,0.38205942,0.366464651,0.45519686,0,0.332565458,0.156629296,0.335650418
-1,0.677794089,0.279351349,0.313788071,0.188775402,0,0.232190258,0.12970793,0.507663696
-1,0.586656816,0.299738829,0.396947456,0,0,0.440237149,0.123537261,0.446489563
1,0.295275962,0.187071945,0.199791494,0.174152334,0.80784146,0.164324224,0.224825246,0.278233447
-1,0.117803009,0.447804242,0.469861333,0.254758698,0,0.41116912,0.435554667,0.375704979
1,0.586263616,0.428339243,0.344486484,0,0,0.396743638,0.083819082,0.435566729
-1,0.56548662,0.396786767,0.443037324,0,0,0.355270335,0.208075365,0.396220524
1,0.161041189,0.386168864,0.328805795,0.284943944,0.305476,0.27729468,0.54925214,0.404656896
-1,0,0.460707909,0,0,0,0.505379917,0.468198777,0.559579545
1,0.548803801,0.226358223,0.298489465,0.392341609,0,0.362202853,0.409181879,0.3254654
-1,0.131762441,0.301598052,0.366000381,0.647607089,0.336454589,0.402660889,0.102223306,0.229213803
1,0.242978772,0.436988372,0.461490071,0,0,0.432202336,0.288684433,0.516615749
-1,0.110963277,0.185956774,0.205483956,0.239967215,0.232746898,0.245287676,0.835781765,0.201074582
-1,0.330322251,0.276783733,0.282321772,0.487056164,0.46190344,0.286950803,0.357800371,0.271352222
1,0,0.52086174,0.395872091,0.18656223,0.457429582,0.33647074,0.409873976,0.216175417
-1,0,0.236922655,0.468297463,0,0,0.607942782,0.148810947,0.576910754
-1,0.108868926,0.396043433,0.186097473,0.406665651,0.099284334,0.469494299,0.539592593,0.331429468
1,0.08382253,0.592728404,0.441791932,0,0,0.478509068,0.065402398,0.461755682
-1,0.100035637,0.445687149,0.270746989,0.354003209,0.437897807,0.358466281,0.360993502,0.377047423
-1,0.092815771,0.40972683,0.581741097,0.346701188,0,0.390186875,0.329178909,0.322924433
-1,0.653769034,0.427556192,0,0,0,0.4005927,0.183559527,0.442281745
-1,0.083666215,0.424053527,0.440968065,0.592151148,0,0.36080829,0.074182311,0.363864147
1,0.404261666,0.354082654,0.320836981,0.329262651,0.265443349,0.315347051,0.354340546,0.452091319
1,0.3619533,0.676850122,0,0,0,0.398650652,0.170089946,0.472240182
-1,0.082928967,0.420316864,0.354391098,0.521718441,0,0.460543729,0.377937173,0.252460501
1,0.047559778,0.351857869,0.264216369,0.39270738,0.508328223,0.295108284,0.530482053,0.151680722
-1,0.099217676,0.373100429,0.43813307,0.487650877,0.148391726,0.300127126,0.424019979,0.359581173
-1,0,0.363306324,0.341522756,0.448358138,0.580211301,0.376452498,0.139989188,0.228882268
-1,0.091991603,0.417368857,0.406223623,0.235110212,0.610739992,0.342484577,0.112558296,0.306721283
-1,0.258570197,0.37343236,0.331494455,0.355841387,0.496765105,0.413140033,0.223146612,0.299872293
1,0.199397049,0.472710873,0.274568532,0.287475014,0.470366067,0.33921493,0.349463964,0.346870894
1,0.327030331,0.320810185,0.29281813,0.385761815,0.547056028,0.276843892,0.325998018,0.270905531
-1,0.406918626,0.291068019,0.386430683,0.373331214,0,0.341917452,0.527960059,0.255621603
1,0.594286527,0.304741189,0.284747694,0.276157282,0.283793519,0.302546401,0.266814009,0.391598564
-1,0.318400287,0.459840198,0.544264476,0,0,0.424769662,0.194792744,0.4154166
-1,0.49606431,0.395386162,0.565305566,0,0,0.368086778,0.115089743,0.359563727
-1,0.249827993,0.347191343,0.551604867,0.319252574,0.068350098,0.389483218,0.284639036,0.416492156
1,0.474863772,0.241542426,0.308152487,0.248953205,0,0.230811384,0.599742448,0.382440978
1,0,0.614825026,0,0,0,0.635305043,0.158024727,0.439779349
-1,0.134401323,0.307638329,0.411620785,0.554884753,0.392220523,0.400300712,0.146574658,0.272771799
-1,0.111780516,0.210171012,0.302534568,0.219758693,0,0.209813327,0.841441709,0.226862145
-1,0.304922118,0.380134808,0.340244276,0,0,0.321646944,0.658321633,0.33152637
-1,0,0.314065871,0.407537293,0.433898087,0.342908809,0.551588071,0.251491742,0.248846308
-1,0.225987344,0.498800351,0.515061862,0,0,0.539866561,0.158292903,0.343986426
-1,0.2695243,0.247873053,0.422324138,0.622609503,0.132729811,0.394058658,0.216270229,0.283272112
-1,0,0.582837415,0.552487871,0,0,0.437086186,0.208355991,0.347276759
-1,0,0.52246156,0.537961801,0,0,0.486696405,0.337422721,0.294794055
-1,0.397988865,0.41644702,0.453540632,0,0,0.427226915,0.101628062,0.519255754
-1,0.407035746,0.390975267,0.471097948,0.440124143,0,0.389898085,0.13353174,0.309784541
1,0.527684098,0.351260803,0.343622218,0,0,0.320411517,0.489257263,0.37155471
-1,0,0.323526845,0.431103132,0.610240774,0.254765473,0.41530003,0.1637527,0.26998548
-1,0.223983484,0.508110127,0.478588818,0,0,0.455165022,0.340588793,0.373406371
-1,0.082303837,0.430604857,0.480683519,0.275073628,0.549424415,0.351102859,0.083920518,0.262488723
-1,0.762113812,0.28658703,0.336540099,0,0,0.306197179,0.112846096,0.342491197
1,0.771222248,0.252184511,0.304224363,0,0,0.287125907,0.244590387,0.326804239
-1,0.420974348,0.357905061,0.443754372,0,0,0.376148821,0.114216091,0.585861222
-1,0.172362029,0.331122221,0.466498756,0.304974872,0.207487682,0.422454823,0.495914186,0.287347435
1,0.429171876,0.243082571,0.331873139,0.385711995,0.203522013,0.388989709,0.473479961,0.284414072
-1,0.110947679,0.45348935,0.584756741,0.261745617,0.186171344,0.335609635,0.146573252,0.450343749
-1,0,0.335207823,0.492480286,0.268716278,0.307957782,0.36543851,0.495450351,0.314700008
-1,0.371610762,0.486056923,0.463181952,0,0,0.494315241,0.249586536,0.323226843
1,0.446545787,0.447178539,0.424062656,0,0,0.34057938,0.117458644,0.539451788
-1,0.404377544,0.371893356,0,0,0,0.439103257,0.546773059,0.454314522
-1,0.215334028,0.302188203,0.368085917,0.423343227,0.397989651,0.307313812,0.464584272,0.280946134
-1,0.095825737,0.307468547,0.252527796,0.329685744,0.769027075,0.29283972,0.056925546,0.208372937
1,0.077637079,0.529949551,0.409191121,0.259476516,0.407819943,0.281816639,0.307699607,0.371407793
1,0,0.503955523,0.245293255,0.48749791,0.399506834,0.403890552,0.277876574,0.219675121
1,0.615699656,0.311145845,0.334873521,0.385144963,0.265433883,0.245722118,0.129032707,0.340795148
-1,0,0.45891001,0.448406013,0.51572103,0,0.429714884,0.123736195,0.349857029
-1,0.101121496,0.376126343,0.38892203,0.497008078,0.368875889,0.39529891,0.209801978,0.337162457
-1,0.085307186,0.4079626,0.364554249,0.385738871,0.329858944,0.44728456,0.352469683,0.333900653
-1,0.355395512,0.357351754,0.374626894,0.558961477,0.199650059,0.375991392,0.169529175,0.288514639
-1,0.208821962,0.512125373,0.401573672,0,0,0.434072785,0.421218858,0.40867477
-1,0.084792879,0.367378822,0.422749124,0.466764011,0.417570616,0.449849327,0.106757393,0.270426936
1,0.087058537,0.275779474,0.161216693,0.231060168,0.857456131,0.261320766,0.092628119,0.157757227
-1,0.182780043,0.377284554,0.377530523,0.628849581,0.30003925,0.309055774,0.125597418,0.291466971
-1,0.051455448,0.252383805,0.293188309,0.485570791,0.375403349,0.31050068,0.530136525,0.30583213
-1,0.636098804,0.30018189,0.436579215,0,0,0.349846948,0.097417219,0.42753331
1,0.181848297,0.198210585,0.354019458,0.369427848,0.154782838,0.321584923,0.694385642,0.237257328
-1,0.617815962,0.409093907,0.369627017,0,0,0.265473076,0.099696691,0.483638395
1,0.051629326,0.419950792,0.279470096,0.436460417,0,0.343585903,0.638130443,0.164659588
1,0.402318948,0.343277899,0.379674703,0.454797725,0.423769077,0.293325577,0.073572358,0.313485056
1,0.479051895,0.315469173,0.303288077,0.481368688,0.252417922,0.312939837,0.300628202,0.308651173
1,0.423399642,0.331700365,0.301561423,0.541057966,0,0.368901759,0.153290611,0.409191982
-1,0.070565097,0.323040399,0.402073293,0.624284293,0.339782225,0.380934911,0.135768778,0.245509935
1,0.263470058,0.390380531,0.384689582,0.233090049,0,0.332075034,0.137242737,0.668401172
1,0.66371791,0.301130945,0.3309077,0.352311852,0,0.283137778,0.082976074,0.384867656
-1,0.386936133,0.258322946,0.266404359,0.418390609,0.446970046,0.340132822,0.245870671,0.401998451
-1,0.550559424,0.385062552,0.339845553,0.360796984,0.223150813,0.293225516,0.088952012,0.399063578
-1,0.360146085,0.404818419,0.290711129,0.306817939,0.367852331,0.312858756,0.335820374,0.426374689
-1,0.107233045,0.433923037,0.442977768,0.210818439,0,0.422516765,0.523878377,0.326449361
-1,0.606897642,0.168683745,0.458191061,0.274424725,0.108479659,0.33421458,0.153359451,0.41350541
-1,0.158321317,0.265321303,0.375874994,0.363133348,0.46202573,0.469088028,0.411766531,0.168309529
-1,0.489862768,0.227758561,0.357621478,0,0,0.33815517,0.318693188,0.603616698
1,0.452248031,0.60077094,0.375793073,0,0,0.361297954,0.219204523,0.338731055
1,0.584406202,0.414043315,0.397737056,0,0,0.24980756,0.132419022,0.49890294
-1,0,0.421664483,0.474036462,0,0,0.607423367,0.258667093,0.402015776
1,0.311476331,0.51349715,0.384531955,0,0,0.579812915,0.116911639,0.376280481
-1,0.142287719,0.293702516,0.293893994,0.237775057,0.687733338,0.2670757,0.387307606,0.237210082
-1,0.20957186,0.239850082,0.417942269,0.576820858,0.172009435,0.393368815,0.308454628,0.33419007
1,0,0.460166081,0.37617472,0.49185056,0,0.534704677,0.224286087,0.261934047
-1,0,0.291141408,0.341772229,0.574878491,0.287182242,0.518737863,0.243311603,0.239123395
1,0.341019579,0.435590307,0.485774379,0,0,0.427172644,0.405167261,0.333695979
-1,0.335377791,0.372865392,0.391744984,0,0,0,0.38062254,0.670936275
-1,0.138426453,0.364945219,0.364792677,0.353787428,0.517582685,0.35645833,0.362682675,0.250840115
-1,0.318399928,0.563954324,0.4837901,0,0,0.380316594,0.29548238,0.338487219
-1,0.107654763,0.470831921,0.383379203,0.402130304,0,0.472608223,0.172767503,0.452583935
-1,0.069046568,0.395110893,0.363914292,0.352935542,0.453368542,0.258131334,0.506900437,0.230217227
1,0.057823365,0.34034136,0.337708906,0.5229271,0.379675569,0.413509869,0.171750657,0.385592949
-1,0.549373017,0.300337795,0.391284479,0,0,0.262055955,0.521196315,0.338473087
1,0.679921468,0.337770223,0.424664101,0,0,0.34319216,0.119178732,0.333607623
-1,0.136550351,0.337673569,0.340397344,0.429529262,0.236604616,0.4141152,0.536348143,0.227645227
1,0.401789587,0.302648983,0.277993631,0.552938295,0.26172634,0.342801691,0.223416576,0.357797235
-1,0.247904499,0.45598,0.529701204,0,0,0.451859965,0.209912361,0.449223336
1,0.308452807,0.25575722,0.282461,0.207913113,0.771558227,0.207800151,0.050009313,0.274679994
1,0.232428426,0.535184544,0.408342894,0.289402007,0.353276526,0.359352577,0.184099672,0.348174986
-1,0,0.592663738,0,0,0,0.567996797,0.328545138,0.467105367
-1,0.288594256,0.374524545,0.452205313,0.156027205,0.407939888,0.386125404,0.382541988,0.292855652
-1,0.290020392,0.349703052,0.361486332,0,0,0.500506986,0.581148616,0.273281214
-1,0.140327278,0.34988136,0.37979653,0.372439573,0.511892636,0.390740242,0.300475778,0.264455948
1,0.400895942,0.341380959,0.371193454,0.407213395,0,0.286069186,0.334718018,0.474618188
1,0.06078678,0.417414271,0.380993098,0.346566906,0,0.330034068,0.487761989,0.458226678
-1,0.190638376,0.50259587,0,0,0,0.569275708,0.25692369,0.566541955
-1,0.350679021,0.394177064,0.474557326,0.34471465,0.319805977,0.386233307,0.091723799,0.343147979
-1,0.439578689,0.239565479,0.417446344,0.518522769,0,0.452324425,0.114976446,0.297379685
1,0.826576085,0.388534464,0,0,0,0,0.191281768,0.359477719
-1,0.126708212,0.328872348,0.207566802,0.261561617,0.774205684,0.338076355,0.098863884,0.202053014
1,0.597397181,0.444952222,0.368757243,0,0,0.337735018,0.087102899,0.433013125
1,0.143425465,0.272601407,0.32688993,0.451155444,0.418555484,0.422728431,0.428554838,0.239106837
-1,0.167788221,0.361198697,0.254944405,0.142943206,0.789565135,0.270692609,0.146289268,0.194589474
-1,0.371578869,0.382736976,0.412858189,0.394479755,0.059640389,0.341235577,0.289264913,0.430932136
1,0.593520981,0.312949785,0.262091576,0.420066964,0,0.379327982,0.232073151,0.326954681
-1,0,0.377072856,0.284396921,0.270695819,0.730804766,0.281940273,0.214864416,0.209584317
-1,0.303397496,0.421638036,0.533025215,0,0,0.462801057,0.108499151,0.469146632
1,0.322113216,0.351723173,0.163872396,0.298541283,0.658011302,0.241986864,0.337008446,0.226807446
1,0.168802962,0.397881533,0.31259261,0.431423072,0.379723363,0.29502383,0.483928028,0.252864806
-1,0.619984406,0.23820863,0.31793516,0.219398282,0,0.222164332,0.327075464,0.503311299
-1,0.06762528,0.298525686,0.28899187,0.611570969,0.439102452,0.372408015,0.248832675,0.235281731
1,0.356459403,0.282657607,0.385903716,0.378428457,0,0.39370566,0.238936284,0.537416879
-1,0.348375591,0.295470884,0.53347181,0.325327878,0,0.39585573,0.244792001,0.429273947
-1,0.070907135,0.330402758,0.333318311,0.501848226,0.517316962,0.419079585,0.181692925,0.21586246
1,0.073958376,0.450425022,0.358196697,0.421662828,0.34263196,0.336152679,0.228856382,0.450302694
-1,0.342066334,0.327171197,0.419048294,0.403498139,0.262039288,0.414952777,0.152252448,0.416540762
-1,0.084402874,0.38293855,0.565080587,0,0,0.429450062,0.198313987,0.550601815
-1,0.281618911,0.322306244,0.391130536,0.553658239,0,0.430308212,0.147320797,0.387840634
-1,0.071833134,0.340589832,0.39906599,0.409546074,0.471665493,0.40226626,0.315905166,0.260335092
-1,0,0.478103429,0.496316206,0.424040339,0,0.416946634,0.318487215,0.264572342
-1,0.178461494,0.638265618,0.559271255,0,0,0.31697981,0.257918422,0.284580474
-1,0.247320933,0.465015662,0.457993718,0,0,0.577402906,0.154596703,0.394385963
1,0.245973296,0.435671278,0.455498137,0.370744309,0.236281968,0.361215713,0.234811553,0.404122945
1,0.631606416,0.387245753,0.48359332,0,0,0.347821541,0.181303648,0.251795007
1,0.124392898,0.442347635,0.389828475,0.452425699,0.272259861,0.429345771,0.356244642,0.216393753
-1,0.164532317,0.356431399,0.328121389,0.436681641,0.495155884,0.370084422,0.310728473,0.262368556
-1,0.164563926,0.353136668,0.439532713,0,0,0.297400815,0.408547827,0.632191134
-1,0.335801199,0.325982832,0.35875569,0.528143795,0,0.461006557,0.211393109,0.340759655
-1,0,0.407708962,0.484902685,0.420217908,0.346536408,0.336482895,0.361483354,0.241000544
-1,0.554945763,0.184298916,0.355728242,0.313666647,0,0.344343683,0.369030309,0.422355088
-1,0.168128309,0.340169142,0.359242239,0.280956912,0.490645266,0.477280315,0.337644192,0.255916348
1,0.088552401,0.369189537,0.466721016,0,0,0.542599045,0.230047859,0.539159818
1,0.549795344,0.245153722,0.284789292,0.363571681,0.273486828,0.327967137,0.34787904,0.347790325
-1,0.282174274,0.392143667,0.294763792,0.369833382,0.322523079,0.449395239,0.333584902,0.35451727
-1,0.099097035,0.441505412,0.409368057,0.350681712,0.419329516,0.438113979,0.192422127,0.316046678
1,0.548525455,0.348763626,0.408044405,0,0,0.309160228,0.396643709,0.39758929
-1,0.57770946,0.277911443,0.278531357,0.323256899,0.226950396,0.279881214,0.46257745,0.25124569
-1,0.652608031,0.222290058,0.325368684,0.352829639,0.208303827,0.253089432,0.235310455,0.362657687
1,0.065826494,0.395518618,0.440710985,0.530596687,0,0.503418572,0.208945964,0.257651323
-1,0.060130512,0.199080532,0.316921657,0.48468403,0.125027786,0.43187442,0.584326644,0.278941266
1,0.19511004,0.497105813,0.32425128,0.281294341,0.474487899,0.367232691,0.235271196,0.339413218
1,0.462107246,0.509982665,0.340101474,0,0,0.290321628,0.121551903,0.558250884
1,0.272678691,0.37894745,0.339871341,0,0,0.329934242,0.714428743,0.217411132
-1,0.074364164,0.367788327,0.413127018,0.570175113,0.200739205,0.449893682,0.172089527,0.301848914
-1,0.294797087,0.43378503,0.433929244,0.463653056,0,0.39632993,0.194292945,0.356131041
1,0,0.307684709,0.260667229,0.359758526,0.773722853,0.279349534,0.081861873,0.156754386
1,0.498726547,0.39241183,0.346331822,0.39219534,0,0.313327922,0.244864857,0.406680079
1,0.058600258,0.306590273,0.367288642,0.449307936,0.235141345,0.331798168,0.549192694,0.31431792
-1,0.438319506,0.350640597,0.401384469,0.504727033,0,0.310830999,0.217079968,0.354017924
1,0,0.417023821,0.42536786,0,0,0.46708411,0.189747831,0.625285144
-1,0.099915327,0.432899269,0.54084274,0,0,0.581225918,0.174521355,0.37659396
1,0.367061218,0.475105135,0.400867064,0,0,0.336897038,0.150793382,0.585327696
-1,0.171385754,0.308230966,0.353995722,0.438024117,0.05001514,0.377524075,0.582000995,0.273297269
1,0.526308703,0.406345856,0.308215914,0.356401635,0,0.399146484,0.208955267,0.364530931
-1,0.733901582,0.296643061,0.360091028,0,0,0.284616073,0.102667714,0.39010107
-1,0.506198009,0.208973241,0.274005526,0.47768502,0.332376048,0.258343726,0.076747949,0.462305297
-1,0.169701223,0.423120121,0.42303696,0.450400322,0,0.484377971,0.255790333,0.332113575
-1,0.404163259,0.399780004,0.414519169,0.365506087,0.330249091,0.32852597,0.175591361,0.351540987
1,0.08995284,0.463270129,0.384407124,0,0,0.420013225,0.278349562,0.612887305
-1,0.091821746,0.34904174,0.457792719,0.559612222,0,0.433012783,0.256452143,0.306154938
-1,0.372504294,0.371157408,0.327006549,0.433608651,0.000220678,0.32071352,0.344967514,0.458781421
-1,0.547745049,0.512023866,0.320854813,0.000387416,0.000220678,0.246813595,0.41243434,0.319341987
-1,-0.002105148,0.222652629,0.125372306,0.279163063,0.249909028,0.268805712,0.716288209,0.197252959
-1,0.266689628,0.278637618,0.326967388,0.56170702,0.286944538,0.433342695,0.197560027,0.338982463
-1,0.076769903,0.307863235,0.205776572,0.346882999,0.695680737,0.183372542,0.054389317,0.301728755
-1,0.557293415,0.351774275,0.493902057,0.000387416,0.000220678,-0.002570408,0.143504292,0.550515771
-1,0.60478574,0.425640136,0.336303771,0.000387416,0.000220678,0.365247458,0.294647664,0.307450593
-1,0.027299279,0.221615016,0.134513244,0.133394644,0.747005582,0.134713396,0.102810502,0.253123999
-1,0.312162876,0.426329225,0.331610411,0.237569064,0.406492591,0.250882417,0.326758027,0.474397331
-1,0.602079213,0.355053514,0.008843329,0.000387416,0.000220678,0.412698954,0.380415916,0.415944785
-1,-0.002105148,0.267020822,0.347931892,0.52756685,0.481912434,0.403617442,0.275890321,0.257180333
-1,0.577009737,0.359718144,0.455379844,0.000387416,0.000220678,0.383380741,0.188394383,0.379300356
-1,0.075506009,0.356223494,0.396049112,0.461063653,0.270036429,0.415311068,0.361521184,0.359979719
-1,0.450757265,0.510174751,0.422825545,0.000387416,0.000220678,0.394605696,0.255410582,0.383515298
-1,0.584239483,0.313728362,0.387586832,0.460993826,0.000220678,0.293658584,0.153033242,0.279035062
-1,0.569852233,0.298597127,0.360093355,0.339753419,0.278646886,0.293845922,0.11816743,0.391667247
-1,0.604829907,0.310424179,0.318113327,0.317488462,0.261668444,0.296718508,0.113188863,0.373183727
-1,0.50210315,0.426429361,0.397553712,0.000387416,0.000220678,0.438305646,0.161344081,0.451828986
-1,0.168307275,0.361467272,0.315573812,0.4064641,0.513170004,0.275865704,0.433521181,0.234291419
-1,0.531509578,0.240801245,0.327182114,0.434525371,0.000220678,0.297377914,0.346900612,0.398113817
-1,0.146585256,0.267364144,0.370515794,0.600954473,0.000220678,0.444045871,0.330442041,0.292174488
-1,0.185241401,0.206971958,0.249257892,0.437025934,0.352877945,0.266241968,0.570368111,0.382824719
-1,0.429685295,0.324106395,0.382460058,0.226006433,0.419845015,0.330742031,0.301423252,0.37462011
-1,-0.002105148,0.330298871,0.226320863,0.352324098,0.000220678,0.29536289,0.69241935,0.167920977
-1,0.503462851,0.293406069,0.344531327,0.455899447,0.000220678,0.436134905,0.219110474,0.321961224
-1,0.381627291,0.33629477,0.313661516,0.318351626,0.526028454,0.248045385,0.19823876,0.406711668
-1,0.352725506,0.382844061,0.254965872,0.391488463,0.560173929,0.29282257,0.114202388,0.301866174
-1,0.579748929,0.396509081,0.388620913,0.000387416,0.000220678,0.374505997,0.175616041,0.422404826
-1,0.548328161,0.360293537,0.380078524,0.000387416,0.000220678,0.40048632,0.17939873,0.486299157
-1,-0.002105148,0.301075757,0.448787749,0.412971437,0.000220678,0.346594095,0.527823687,0.385664135
-1,0.150260419,0.304372728,0.36874488,0.299415588,0.251663566,0.389463872,0.579338908,0.310492605
-1,0.653028727,0.269643068,0.352766305,0.000387416,0.000220678,0.359013975,0.276126444,0.327451795
-1,-0.002105148,0.54635489,0.008843329,0.000387416,0.000220678,0.64916575,0.247259408,0.393158704
-1,0.345315009,0.385049194,0.544682682,0.000387416,0.000220678,0.527209699,0.139483288,0.376358122
-1,0.675848782,0.267240852,0.254994482,0.308944911,0.199062899,0.280219138,0.066229656,0.307540357
-1,0.304791957,0.419744939,0.4074305,0.000387416,0.000220678,0.281208962,0.189325735,0.639008939
-1,0.053852372,0.271403342,0.367252707,0.557967424,0.453503042,0.43236804,0.159617022,0.253192782
-1,0.061008211,0.419247866,0.332444459,0.000387416,0.000220678,0.382048398,0.646844029,0.303245366
-1,-0.002105148,0.334888846,0.543272614,0.438610971,0.116713613,0.513163209,0.193259299,0.307100236
-1,0.215333477,0.501452625,0.379266977,0.472925812,0.354461998,0.369986027,0.126999289,0.25276199
-1,0.330827713,0.258364826,0.194175452,0.215444028,0.684633434,0.219329908,0.201604232,0.27948463
-1,0.428757459,0.394330949,0.244173914,0.385464042,0.391281128,0.284682214,0.315493613,0.345725179
-1,0.267417312,0.39868021,0.456276983,0.000387416,0.000220678,0.322564393,0.320264608,0.588199735
-1,0.423136771,0.424641162,0.458296388,0.000387416,0.000220678,0.446902007,0.163127154,0.471478969
-1,-0.002105148,0.354993045,0.302960753,0.590647221,0.200558722,0.453461349,0.367390484,0.200917065
-1,-0.002105148,0.473414987,0.561771274,0.000387416,0.000220678,0.530316055,0.252944887,0.343515843
-1,0.067554019,0.244614154,0.156900227,0.569793046,0.251913488,0.582461596,0.303647697,0.263863593
-1,0.070940621,0.340493947,0.470269144,0.342812151,0.386674047,0.388613939,0.259340763,0.427855641
-1,-0.002105148,0.297446162,0.439354897,0.000387416,0.000220678,0.303875178,0.472332656,0.618802667
-1,0.286171347,0.509567201,0.370373756,0.200721592,0.448823124,0.329619139,0.232320443,0.347463846
-1,0.545912266,0.295717269,0.252230316,0.000387416,0.000220678,0.310418069,0.589905262,0.291766971
-1,0.18553111,0.43170315,0.292043895,0.459854484,0.516293645,0.330282122,0.197335586,0.2727018
-1,0.647935688,0.296424121,0.331749588,0.000387416,0.000220678,0.343212575,0.165091932,0.425740898
-1,0.453579009,0.311095774,0.313874602,0.275193542,0.282160312,0.263654411,0.529381216,0.305003464
-1,0.508006811,0.484705299,0.360152811,0.000387416,0.000220678,0.472712845,0.076545119,0.398406237
-1,0.405691266,0.352532893,0.372172832,0.505275607,0.000220678,0.451249152,0.17185685,0.302125305
-1,0.656526923,0.269074529,0.22279495,0.333101302,0.172180176,0.260323226,0.29787299,0.282981694
-1,-0.002105148,0.424406737,0.512541056,0.000387416,0.000220678,0.390176862,0.527120292,0.372432292
-1,0.400257438,0.275996953,0.360113144,0.237380356,0.380699873,0.304933786,0.430194318,0.400478661
-1,0.508373916,0.344504297,0.506052196,0.000387416,0.000220678,0.403321415,0.134282306,0.447126448
-1,0.42042169,0.376856118,0.356680781,0.314392,0.329862922,0.382129043,0.333524764,0.293808579
-1,0.443793684,0.39940083,0.290230542,0.460964411,0.261589676,0.276304662,0.350278527,0.288257539
-1,-0.002105148,0.284877151,0.448556483,0.506536424,0.263150156,0.569885314,0.155631125,0.212375417
-1,0.329603791,0.346815914,0.400476396,0.000387416,0.000220678,0.404310614,0.560985565,0.359093994
-1,0.422849298,0.475942552,0.298653662,0.330218881,0.000220678,0.33117786,0.39914459,0.359342992
-1,0.31068188,0.283201486,0.200311527,0.277698964,0.660954475,0.181128025,0.21511586,0.342863232
-1,0.052941699,0.279627293,0.394000947,0.447679698,0.116971426,0.269361258,0.619124889,0.264128745
-1,0.497871101,0.268820494,0.343037039,0.480314434,0.257732719,0.265081197,0.349998146,0.279019356
-1,0.334435523,0.378449976,0.39603433,0.470625788,0.39677766,0.327191561,0.217013642,0.247361585
-1,0.529601216,0.490234405,0.3646864,0.000387416,0.000220678,0.353813946,0.256392628,0.399020314
-1,0.629489958,0.323039472,0.008843329,0.000387416,0.000220678,0.489325106,0.305109173,0.349107444
-1,0.288059503,0.370665014,0.357518613,0.475720733,0.45190376,0.353427351,0.204726666,0.247620568
-1,0.274011016,0.399657935,0.420141101,0.237419307,0.161187887,0.323822349,0.552798569,0.307900369
-1,0.249973893,0.27301085,0.294032574,0.544512033,0.228684157,0.335781306,0.508169293,0.239896208
-1,0.239390001,0.357003272,0.265471101,0.317894042,0.653841317,0.284426749,0.079580218,0.254858166
-1,0.387000501,0.382946223,0.270479381,0.275717825,0.499647588,0.278276294,0.25918445,0.404855818
-1,0.33607623,0.447918117,0.515321195,0.000387416,0.000220678,0.396681577,0.089900255,0.517030537
-1,0.436819494,0.465604126,0.381441832,0.405884773,0.000220678,0.338138223,0.195499972,0.371336699
-1,-0.002105148,0.432164252,0.360218436,0.390206963,0.360089719,0.5035429,0.288024932,0.265586257
-1,0.538864374,0.267776698,0.359214455,0.378998131,0.384717226,0.314128011,0.137728751,0.31330061
-1,0.543889523,0.273528755,0.236784413,0.357935637,0.454984337,0.290975899,0.29699108,0.252794474
-1,0.33633858,0.294642657,0.307142705,0.547515035,0.318216264,0.375594974,0.30720219,0.248627827
-1,0.316530913,0.2175529,0.34572795,0.276593328,0.000220678,0.284440756,0.652067482,0.297432244
-1,0.418936044,0.376703441,0.40406093,0.000387416,0.000220678,0.492053837,0.193254039,0.502621233
-1,-0.002105148,0.304109961,0.194076464,0.247157454,0.683627844,0.230448827,0.412803411,0.133556902
-1,0.124079779,0.401371211,0.414504379,0.000387416,0.000220678,0.303432107,0.452302098,0.59090358
-1,0.210478425,0.46510604,0.269150257,0.528770566,0.000220678,0.406703383,0.409445703,0.247496232
-1,0.296881288,0.434074759,0.474495828,0.000387416,0.000220678,0.514138937,0.433425248,0.242405802
-1,0.284378886,0.256373823,0.281022757,0.348576397,0.622691631,0.340117544,0.100351743,0.320010841
-1,0.303409576,0.532210052,0.405526161,0.000387416,0.000220678,0.520138204,0.32396242,0.289905429
-1,0.391694665,0.410859883,0.342904776,0.232805356,0.394413501,0.307558268,0.288831443,0.419385523
-1,-0.002105148,0.493769139,0.447719127,0.359662503,0.000220678,0.465874523,0.414409846,0.228903428
-1,0.538596392,0.397851586,0.36807552,0.248600051,0.000220678,0.282833099,0.446038425,0.279028088
-1,0.304087728,0.57113564,0.40646103,0.000387416,0.000220678,0.407995105,0.365383267,0.327703804
-1,0.337451488,0.26921609,0.212487817,0.246715114,0.365010828,0.237305641,0.632746637,0.272786111
-1,0.470107496,0.385199785,0.321353585,0.152796745,0.000220678,0.239909962,0.55537051,0.37093851
-1,0.590173483,0.182812482,0.232206538,0.069852389,0.478768438,0.214184046,0.415601432,0.320994884
-1,0.079702556,0.370700598,0.381813407,0.558828354,0.000220678,0.426454812,0.393934667,0.250557154
-1,0.505851507,0.282450914,0.256861687,0.252818942,0.251191407,0.23516506,0.54804045,0.339267343
-1,0.265845925,0.512848139,0.008843329,0.000387416,0.000220678,0.41720143,0.591283739,0.351390362
-1,0.370734334,0.466758102,0.423725694,0.000387416,0.000220678,0.464764267,0.1861756,0.479356885
-1,-0.002105148,0.466576457,0.008843329,0.000387416,0.000220678,0.469737977,0.64656806,0.300719529
-1,0.224319279,0.634032249,0.008843329,0.000387416,0.000220678,0.482677311,0.239752978,0.463801593
-1,0.508291423,0.203681946,0.317299217,0.369122148,0.000220678,0.355241895,0.513049245,0.27967146
-1,0.565186024,0.346405357,0.357472539,0.387145311,0.000220678,0.331659675,0.214955255,0.344107121
-1,-0.002105148,0.538096964,0.468259424,0.000387416,0.000220678,0.534488976,0.268537641,0.372182488
-1,0.496344835,0.462860912,0.445656508,0.000387416,0.000220678,0.328592181,0.102428496,0.48745361
-1,0.168979198,0.372902662,0.502185762,0.000387416,0.000220678,0.356485873,0.197207004,0.623355031
-1,0.055150021,0.271355361,0.359446555,0.444143265,0.464930773,0.405217797,0.41269955,0.24337478
-1,-0.002105148,0.325985819,0.345235705,0.455889702,0.207599297,0.435428172,0.515459478,0.277622104
-1,0.105992585,0.275153846,0.307092816,0.395256966,0.358472496,0.360032648,0.577883303,0.245222107
-1,0.060885094,0.322792143,0.226444453,0.557481706,0.452742308,0.396991938,0.34203887,0.223270148
-1,0.106687695,0.315988123,0.278668076,0.409193546,0.662843645,0.234584972,0.160973981,0.231467202
-1,0.652086079,0.19788447,0.284131438,0.245752335,0.332935661,0.279017001,0.181214094,0.332387626
-1,-0.002105148,0.555886984,0.008843329,0.000387416,0.000220678,0.415115774,0.599767864,0.361427277
-1,0.149163753,0.445053816,0.32078445,0.497571349,0.374772042,0.3700293,0.282147765,0.276017964
-1,0.367361218,0.339479595,0.526687443,0.000387416,0.000220678,0.591635227,0.136289045,0.299859732
-1,0.584595621,0.38741833,0.295987517,0.269387513,0.285925061,0.234457806,0.171239272,0.41109544
-1,-0.002105148,0.29595843,0.288897097,0.218889549,0.383070529,0.271716356,0.664210677,0.213821605
-1,0.126268476,0.315613568,0.316578805,0.351512641,0.48311013,0.321888566,0.49957788,0.278645247
-1,0.164685324,0.526337087,0.455095559,0.279107571,0.291818857,0.341846228,0.319000274,0.327971816
-1,0.398515791,0.247679085,0.331731647,0.34640643,0.000220678,0.312640965,0.564090133,0.356244892
-1,0.250265926,0.602462888,0.456531465,0.000387416,0.000220678,0.396963269,0.256329536,0.354437053
-1,0.407149404,0.532433271,0.386732638,0.000387416,0.000220678,0.245147899,0.07717932,0.57468766
-1,0.258052528,0.39238441,0.471140981,0.515382946,0.000220678,0.426458657,0.150221661,0.314359248
-1,-0.002105148,0.468126953,0.475809753,0.364670426,0.000220678,0.393016011,0.2091593,0.490109086
-1,0.627874792,0.306057215,0.331728071,0.327054232,0.053830557,0.209048077,0.325612903,0.3154293
-1,0.067781411,0.340551347,0.325508446,0.44428277,0.399813861,0.378559381,0.431819201,0.303694993
-1,0.142471328,0.293845356,0.457484663,0.516351342,0.315433502,0.51234436,0.081057206,0.24404943
-1,0.081907749,0.597042322,0.008843329,0.000387416,0.000220678,0.558324158,0.210378885,0.504756331
-1,0.408998907,0.378247172,0.455827206,0.000387416,0.000220678,0.394619972,0.248174295,0.52516681
-1,0.485118687,0.324775606,0.304741502,0.358266234,0.333004951,0.280551851,0.427458584,0.258151144
-1,0.474617451,0.488623083,0.415170014,0.000387416,0.000220678,0.41784209,0.197900802,0.404874772
-1,0.375548959,-0.006510762,0.443011224,0.479790419,0.000220678,0.48202306,0.231794536,0.409069866
-1,0.566989064,0.427405268,0.411485612,0.000387416,0.000220678,0.296440303,0.169540718,0.459758699
-1,0.060244001,0.311639011,0.233027548,0.497424215,0.382852018,0.319175482,0.534739614,0.256103754
-1,0.658779562,0.279796422,0.008843329,0.320162863,0.000220678,0.333443224,0.273468792,0.348740369
-1,0.052496336,0.433796853,0.301739246,0.387118161,0.499133706,0.303867906,0.425396353,0.231865123
-1,0.262439013,0.40533039,0.250703692,0.342977554,0.609374583,0.254030287,0.27230981,0.225824878
-1,0.259228051,0.384890974,0.372511446,0.000387416,0.000220678,0.38942939,0.298923075,0.615253925
-1,0.517802835,0.434215158,0.455438793,0.000387416,0.000220678,0.366336882,0.279180616,0.363894939
-1,0.066423535,0.366368115,0.510715067,0.378700167,0.349546045,0.345323175,0.141362801,0.453956455
-1,0.098795697,0.233210564,0.207067057,0.316940576,0.56754905,0.199320763,0.616484225,0.124718353
-1,0.511758745,0.237802118,0.257199138,0.359567434,0.508199871,0.256082654,0.199256957,0.359029561
-1,0.305076659,0.490974933,0.425325632,0.000387416,0.000220678,0.570681512,0.161650211,0.360008001
-1,0.357284844,0.333267689,0.389746338,0.413774967,0.000220678,0.357660443,0.424095929,0.367127001
-1,0.484589607,0.252259016,0.442275763,0.430603713,0.000220678,0.404487729,0.127469704,0.396719724
-1,0.268487215,0.310970336,0.323998451,0.276656151,0.560845613,0.266253263,0.218062684,0.462994248
-1,0.376322716,0.509913266,0.421311647,0.000387416,0.000220678,0.534328043,0.228302464,0.295809746
-1,0.289810836,0.472479463,0.419946492,0.000387416,0.000220678,0.372432947,0.524258792,0.330020308
-1,-0.002105148,0.428463906,0.388826847,0.61301595,0.000220678,0.429751605,0.139142632,0.258509278
-1,0.222511217,0.574153721,0.381027848,0.459036589,0.000220678,0.402894378,0.157648101,0.270858526
-1,0.402587175,0.385380298,0.472423643,0.000387416,0.000220678,0.501089633,0.142617196,0.458786666
-1,0.32669276,0.360731542,0.406985343,0.53445226,0.213664085,0.355842918,0.166302353,0.335811496
-1,0.400554866,0.543397963,0.374525577,0.000387416,0.000220678,0.408970386,0.094781078,0.482799649
-1,0.334197849,0.392186373,0.446533173,0.000387416,0.000220678,0.376779824,0.279642522,0.561443567
-1,0.452266008,0.450817496,0.303237557,0.000387416,0.000220678,0.224562511,0.583474755,0.317749619
-1,0.035506964,0.256987661,0.190863803,0.361206472,0.70197475,0.244609445,0.233668149,0.153254941
-1,-0.002105148,0.399381429,0.312828839,0.497348726,0.440563262,0.382691205,0.336793661,0.22102198
-1,0.134634733,0.313581824,0.280033052,0.294070005,0.700003445,0.249975815,0.103397973,0.146552011
-1,0.271071941,0.398835003,0.411867857,0.435511589,0.000220678,0.409347862,0.334323883,0.369520456
-1,0.247630954,0.435809284,0.389121979,0.479109347,0.347835302,0.336340427,0.15990971,0.33775112
-1,0.446912229,0.334966779,0.315636665,0.349046201,0.429671615,0.367310911,0.253660351,0.290162593
-1,0.221649244,0.414932847,0.315992713,0.430798858,0.559152305,0.31481728,0.129933253,0.252046406
-1,0.064965539,0.495280027,0.313318044,0.398890465,0.446031779,0.352249444,0.19545871,0.372485608
-1,0.070610531,0.274089277,0.436499894,0.356233865,0.481195301,0.392830521,0.148523703,0.458666146
-1,-0.002105148,0.571159065,0.008843329,0.000387416,0.000220678,0.632771313,0.183442295,0.431459039
-1,-0.002105148,0.520288825,0.514590025,0.332177639,0.000220678,0.357892811,0.260654122,0.40757829
-1,0.532099962,0.285997301,0.339575082,0.000387416,0.000220678,0.310608089,0.559922814,0.318537474
-1,0.370301634,0.442881942,0.423252106,0.221183747,0.000220678,0.429984629,0.310860395,0.409190506
-1,-0.002105148,0.254134089,0.206672713,0.443354189,0.018243942,0.321882188,0.686441004,0.130536094
-1,-0.002105148,0.333293468,0.375454336,0.576944828,0.187955528,0.419260919,0.362173259,0.257813603
-1,0.186010972,0.511743963,0.482250392,0.000387416,0.000220678,0.422190577,0.455673903,0.313215017
-1,0.673094213,0.369278848,0.241480693,0.308123291,0.000220678,0.270326465,0.097657308,0.289439052
-1,0.447869539,0.262612045,0.274363607,0.424308687,0.386574894,0.25720945,0.396577924,0.329494745
-1,0.635204136,0.406529248,0.008843329,0.000387416,0.000220678,0.388300002,0.135223567,0.467775613
-1,0.120970339,0.256341726,0.357329518,0.542208135,0.430769861,0.315695852,0.38667056,0.259120733
-1,0.165114805,0.354399025,0.286443293,0.328883797,0.636865735,0.303821594,0.169492349,0.284413725
-1,-0.002105148,0.509895325,0.008843329,0.000387416,0.000220678,0.581688225,0.487291813,0.392234057
-1,-0.002105148,0.326936781,0.301146537,0.50585717,0.552336037,0.398018032,0.196599707,0.214398846
-1,0.244206414,0.305440903,0.313193649,0.219056293,0.272649467,0.271964669,0.60515976,0.405007243
-1,0.412931949,0.467745155,0.300533473,0.383458406,0.309669793,0.227904156,0.084339097,0.47621277
-1,0.388106853,-0.006510762,0.320909411,0.525098085,0.000220678,0.391130149,0.420429081,0.388442516
-1,-0.002105148,0.519491792,0.469585747,0.363691688,0.234637275,0.402314693,0.198047802,0.362367362
-1,0.654917836,0.195082679,0.307000279,0.356479198,0.000220678,0.266460687,0.152689382,0.393775553
-1,0.242165208,0.535468638,0.416819423,0.286199629,0.309231281,0.397435874,0.192790344,0.32973659
-1,0.474270254,0.302084148,0.335724771,0.349661499,0.313550562,0.244304195,0.356892705,0.406870931
-1,0.574054718,0.336226344,0.33014062,0.000387416,0.000220678,0.339757144,0.37423569,0.428104877
-1,0.424218178,0.560406148,0.008843329,0.000387416,0.000220678,0.53761524,0.281026274,0.353568524
-1,0.161809847,0.281644583,0.368760437,0.530864477,0.308650821,0.305514723,0.475438178,0.256477833
-1,0.434087932,0.215599552,0.29190731,0.429034054,0.427621096,0.325892568,0.313997328,0.337172121
-1,0.211589456,0.364023536,0.372532815,0.347582132,0.495648623,0.352767915,0.342941374,0.277923375
-1,0.541358352,0.194008559,0.33637014,0.3409549,0.000220678,0.289981246,0.398829043,0.447482973
-1,0.429728925,0.402590096,0.351021022,0.368716717,0.443760723,0.282431126,0.200884074,0.287259907
-1,0.252238572,0.383111387,0.282643318,0.269468576,0.385220349,0.339947045,0.470293522,0.394152105
-1,0.447845101,0.373250961,0.413685203,0.000387416,0.000220678,0.38807559,0.07921759,0.575769663
-1,-0.002105148,0.462108612,0.277067244,0.36053744,0.567758679,0.364442348,0.254425853,0.235393509
-1,-0.002105148,0.370778471,0.367242426,0.454697639,0.463876516,0.405498236,0.136550412,0.366494268
-1,0.159777477,0.387154669,0.477276802,0.000387416,0.000220678,0.53923589,0.503209591,0.249802515
-1,0.079191893,0.31800127,0.212172687,0.700800955,0.000220678,0.216913372,0.207063779,0.366142958
-1,-0.002105148,0.408706367,0.44164595,0.592430651,0.000220678,0.438159406,0.220443726,0.206388563
-1,0.291354626,0.180445775,0.209767282,0.174107611,0.709026933,0.160970017,0.225299194,0.2787534
-1,0.576517522,0.425323486,0.352493167,0.000387416,0.000220678,0.395948499,0.083122365,0.441593319
-1,0.158078089,0.380443722,0.336106092,0.283814162,0.303645432,0.273686826,0.547501504,0.409045041
-1,0.545883894,0.221075997,0.305326819,0.394384652,0.000220678,0.359145761,0.411176592,0.32541725
-1,0.241512969,0.434406459,0.475151986,0.000387416,0.000220678,0.433523506,0.28637287,0.520989716
-1,-0.002105148,0.517273962,0.407190531,0.187159926,0.462357014,0.332229823,0.411911994,0.219211519
-1,0.081769876,0.578168571,0.455274671,0.000387416,0.000220678,0.480700582,0.064556196,0.468377978
-1,0.40439859,0.346443146,0.327889264,0.327836871,0.265034229,0.310753644,0.352800488,0.458599687
-1,0.359308332,0.636956155,0.008843329,0.000387416,0.000220678,0.397984236,0.16875574,0.47882849
-1,0.045395155,0.344115406,0.272104114,0.394775212,0.511867523,0.290799886,0.531185091,0.152747303
-1,0.197978392,0.471025974,0.281989396,0.286253333,0.475344628,0.335065246,0.347675323,0.347598881
-1,0.322963297,0.312277943,0.299720466,0.387356311,0.546379983,0.273257911,0.323387742,0.271768719
-1,0.582722306,0.296349555,0.291824013,0.275401294,0.282510549,0.298063099,0.265498728,0.395123214
-1,0.47749716,0.235954612,0.314991474,0.249620646,0.000220678,0.22935921,0.587962925,0.385341525
-1,-0.002105148,0.594869256,0.008843329,0.000387416,0.000220678,0.61226058,0.156516686,0.445960253
-1,0.52739799,0.343491614,0.351583511,0.000387416,0.000220678,0.315843165,0.492985368,0.373724312
-1,0.691206276,0.246152475,0.311045587,0.000387416,0.000220678,0.283087581,0.244437322,0.326787412
-1,0.430769533,0.237439945,0.339290291,0.387303114,0.204681039,0.387666553,0.477561474,0.284685254
-1,0.448848903,0.445013195,0.43694666,0.000387416,0.000220678,0.336478531,0.117309816,0.541254878
-1,0.075834654,0.525530398,0.421321958,0.259584308,0.410664409,0.277999103,0.304977387,0.37356776
-1,-0.002105148,0.501501143,0.254185975,0.49233526,0.401812404,0.403573394,0.276005536,0.222697571
-1,0.598679483,0.302651525,0.342415631,0.386697322,0.265025228,0.24375008,0.128761068,0.34124732
-1,0.084796846,0.26850307,0.169468433,0.232465088,0.729303122,0.258550465,0.091503613,0.15876314
-1,0.179521725,0.192180887,0.362567842,0.369931579,0.154181898,0.317027867,0.651086986,0.239833176
-1,0.049702618,0.41645658,0.286708832,0.441031128,0.000220678,0.339600831,0.615467131,0.165759936
-1,0.402327836,0.335190088,0.389909029,0.459894001,0.427539229,0.289070457,0.073196292,0.313271403
-1,0.481632143,0.306940317,0.310108483,0.486385822,0.252710938,0.308348209,0.297998041,0.308431536
-1,0.424697399,0.323294014,0.308383912,0.541403294,0.000220678,0.366248786,0.151857957,0.413864017
-1,0.260964215,0.384941012,0.395265281,0.234434083,0.000220678,0.327708602,0.136555463,0.636872172
-1,0.631403148,0.292823404,0.338286847,0.351807564,0.000220678,0.279262573,0.082333997,0.387933731
-1,0.454706937,0.584355414,0.385762513,0.000387416,0.000220678,0.358188629,0.219720215,0.339098811
-1,0.575063348,0.410185009,0.409175068,0.000387416,0.000220678,0.247641832,0.131994441,0.504585445
-1,0.307291508,0.510468125,0.395096898,0.000387416,0.000220678,0.571118295,0.116749801,0.378764004
-1,-0.002105148,0.458355367,0.386170179,0.496520817,0.000220678,0.53328371,0.224767089,0.263265371
-1,0.337353349,0.432942837,0.498814911,0.000387416,0.000220678,0.428245723,0.406906158,0.333879173
-1,0.05562022,0.332155794,0.345378309,0.525402248,0.38063696,0.413806438,0.170475602,0.388708442
-1,0.641543746,0.329508364,0.437574148,0.000387416,0.000220678,0.339191347,0.119059458,0.333787799
-1,0.40176329,0.294303834,0.285284221,0.551539183,0.261517465,0.33878541,0.22390759,0.359110326
-1,0.304287523,0.249548659,0.289603144,0.209404379,0.692483664,0.206274927,0.049527895,0.275360703
-1,0.231330737,0.530214787,0.420425266,0.288115621,0.352606714,0.356133044,0.183419019,0.348967195
-1,0.400810272,0.333228767,0.380850673,0.410238057,0.000220678,0.282072395,0.332332164,0.481174678
-1,0.058407694,0.413766146,0.391317368,0.345777363,0.000220678,0.325618207,0.491541624,0.464822859
-1,0.7160151,0.382969409,0.008843329,0.000387416,0.000220678,-0.002570408,0.190987706,0.360889405
-1,0.585094512,0.442705542,0.378250539,0.000387416,0.000220678,0.333534926,0.086198539,0.438936681
-1,0.141020477,0.265492141,0.334123105,0.456181318,0.422042638,0.423563957,0.431642026,0.241605818
-1,0.582135558,0.304437578,0.27008599,0.423855186,0.000220678,0.377350688,0.232394606,0.32694158
-1,0.317969859,0.34397462,0.17222634,0.297015697,0.629233658,0.240176082,0.334698409,0.229719087
-1,0.16593881,0.392953604,0.319479585,0.435780913,0.380688041,0.29071787,0.487822235,0.25468719
-1,0.353506535,0.275039583,0.396561593,0.379525244,0.000220678,0.392704248,0.239025399,0.539490283
-1,0.072099306,0.448368073,0.367002308,0.425537944,0.341452241,0.331901789,0.229258418,0.456775665
-1,0.244374543,0.433027685,0.469165713,0.371332824,0.237318292,0.358101666,0.235049516,0.408476949
-1,0.609977841,0.381593376,0.496731013,0.000387416,0.000220678,0.344017208,0.180473164,0.253674477
-1,0.122828551,0.439998686,0.400749922,0.457478136,0.271497071,0.43052882,0.354807526,0.219429836
-1,0.086199276,0.362370133,0.480332047,0.000387416,0.000220678,0.540193617,0.230422333,0.541002214
-1,0.546730161,0.239431784,0.291864485,0.363708586,0.272663355,0.32350719,0.346014589,0.348563462
-1,0.545645833,0.340886772,0.42010963,0.000387416,0.000220678,0.304589152,0.397818804,0.401516646
-1,0.063477248,0.390429646,0.454168171,0.532248795,0.000220678,0.504720569,0.209350467,0.259214938
-1,0.193488941,0.494962454,0.33139962,0.280310184,0.479428768,0.364476413,0.235493898,0.339808345
-1,0.46473366,0.507184744,0.347884774,0.000387416,0.000220678,0.286165625,0.121444598,0.55717206
-1,0.269683778,0.372742146,0.347643495,0.000387416,0.000220678,0.325516164,0.662546277,0.220445603
-1,-0.002105148,0.299238294,0.268734723,0.359667689,0.693515003,0.275644183,0.081289381,0.157760739
-1,0.500662565,0.387110829,0.354437798,0.394228399,0.000220678,0.3087354,0.244699091,0.411196291
-1,0.056342028,0.298162729,0.376683861,0.454291403,0.236218408,0.327424645,0.54745096,0.314108908
-1,-0.002105148,0.413351655,0.43830806,0.000387416,0.000220678,0.469338119,0.189372867,0.608336091
-1,0.364722401,0.473417878,0.412501931,0.000387416,0.000220678,0.332669675,0.149433449,0.578877866
-1,0.526164114,0.40198797,0.31505543,0.356118858,0.000220678,0.398513526,0.209359974,0.366250128
-1,0.087523378,0.461511582,0.394963652,0.000387416,0.000220678,0.42069611,0.276456803,0.599516749
