class,0,1,2,3,4,5,6,7,8,9,10,11,12,13,14,15,16,17,18,19,20,21
1,0.155353102,0.149700584,0.124859091,0.205686966,0.258273629,0.172339488,0.259660643,0.172177128,0.257134386,0.256948464,0.241808907,0.300536844,0.208734534,0.241772264,0.096508937,0.194731279,0.168380142,0.233994499,-0.171905352,0.228277094,0.197215005,0.261208314
1,0.124467385,0.111111925,0.148832423,0.199467698,0.231834743,0.170114971,0.25621946,0.169986016,0.283225048,0.296563206,0.27278661,0.340726663,0.24103538,0.272815959,0.066132894,0.138782008,0.146144406,0.184740787,-0.114320818,0.225792741,0.167377429,0.265716624
1,0.125703664,0.103825687,0.154540301,0.229222077,0.276312778,0.210842622,0.304595745,0.210963116,0.255981482,0.241913386,0.254232313,0.308242162,0.209875884,0.254201887,0.047543907,0.159093346,0.145214088,0.197096159,-0.132050784,0.221805749,0.167013383,0.253987755
1,0.123913755,0.107629798,0.152089505,0.214563682,0.272392335,0.191803769,0.268362688,0.191668507,0.264839192,0.255798101,0.265806296,0.315446891,0.217387059,0.26577632,0.048444774,0.1567829,0.144843355,0.192874601,-0.120635409,0.234802312,0.169092902,0.277739081
1,0.107210517,0.096308947,0.131494223,0.24044463,0.289690372,0.217762816,0.303767679,0.217864654,0.269596259,0.251425096,0.276059264,0.330681617,0.223909474,0.276059603,0.055052201,0.129847711,0.120930524,0.168698302,-0.095544346,0.143390615,0.142646572,0.268761848
1,0.139391263,0.111478413,0.169185221,0.226808624,0.263612203,0.192600567,0.313943232,0.192453971,0.24681135,0.245637555,0.230406126,0.302363379,0.20348486,0.230439399,0.0476369,0.176764507,0.150661171,0.211485191,-0.135339216,0.228833887,0.167414624,0.29320623
1,0.225242728,0.188937986,0.276522507,0.126378037,0.160117922,0.10443629,0.136957051,0.104656569,0.13674268,0.122152153,0.124879649,0.130145645,0.137304151,0.124879802,0.03832694,0.333293048,0.350011242,0.317241416,-0.291104599,0.319311972,0.229916511,0.281087863
1,0.207666351,0.161902446,0.259532837,0.113699349,0.16541411,0.100233948,0.127478523,0.099997802,0.137663767,0.120784303,0.137290773,0.135741859,0.131871385,0.137290942,0.022439155,0.372071898,0.386691728,0.327370173,-0.32919742,0.235191991,0.264401965,0.224560594
1,0.156270115,0.158470011,0.192602323,0.182264691,0.279121643,0.172072287,0.196198049,0.172260943,0.155135377,0.145254645,0.149926191,0.15459823,0.152097539,0.149879799,0.058887458,0.254618656,0.315060677,0.27994041,-0.247622021,0.354015738,0.250933092,0.267925539
1,0.147643,0.137122523,0.18220513,0.167443399,0.265582201,0.149755767,0.186681008,0.149563337,0.200151781,0.184519512,0.191578699,0.198704715,0.205995886,0.19162325,0.053517445,0.242823142,0.266411099,0.274926549,-0.214751896,0.335021298,0.250098214,0.298733844
1,0.141866426,0.132503063,0.173626762,0.164350525,0.274613754,0.146759357,0.19186657,0.146945895,0.156276098,0.147398024,0.14832966,0.159843474,0.16489284,0.148329842,0.063134442,0.242536044,0.307749609,0.276333936,-0.232594813,0.415491787,0.255894818,0.284280337
1,0.140611766,0.130311762,0.16977214,0.167418744,0.261609124,0.154671039,0.186103805,0.154848131,0.191183065,0.177482437,0.186486393,0.186200814,0.183818358,0.186486621,0.058855092,0.234289003,0.279864952,0.268798002,-0.209359424,0.368041955,0.267590434,0.299219444
1,0.279625721,0.239976612,0.344734836,0.121250039,0.116395336,0.08669392,0.113112696,0.086935233,0.116742951,0.106556024,0.114668715,0.108591566,0.126333947,0.114668856,0.040001703,0.375354709,0.294928957,0.292833427,-0.36884717,0.206480154,0.275908717,0.200484436
1,0.263456788,0.249267789,0.186355527,0.149603613,0.161841556,0.11237088,0.142543187,0.11259325,0.141137135,0.135813804,0.117960253,0.130844678,0.184597791,0.117960397,0.066437959,0.336921487,0.255324665,0.279414074,-0.295590578,0.319376287,0.315665853,0.268191721
1,0.302285176,0.237403277,0.192863335,0.117824611,0.112722341,0.086092718,0.106679411,0.086326329,0.164155541,0.145576572,0.180118015,0.142566545,0.133723481,0.180061808,0.04060636,0.352464485,0.294422081,0.286741035,-0.333089816,0.266491428,0.278242276,0.238436092
1,0.266548797,0.299687714,0.200491437,0.140193335,0.160292636,0.105899282,0.137785239,0.105894916,0.127953052,0.110056897,0.123892535,0.123474319,0.138267912,0.123892687,0.053033592,0.337531465,0.332688912,0.273586117,-0.276205066,0.260739282,0.273694665,0.31173649
1,0.236275239,0.420686246,0.174397079,0.180638811,0.186794237,0.124390435,0.173221052,0.124188805,0.152307286,0.146574733,0.135913558,0.145833093,0.18442588,0.135960479,0.102702174,0.261699575,0.291518018,0.234190855,-0.245920248,0.259956025,0.245603129,0.253381119
1,0.220537498,0.223005152,0.127032334,0.19011401,0.148950164,0.133505876,0.183065412,0.133657063,0.197393637,0.211843254,0.161168624,0.18344377,0.243211857,0.16113154,0.128591379,0.190393622,0.258563004,0.175367768,-0.105656422,0.375499405,0.2600993,0.398962679
1,0.169936974,0.14350863,0.097981535,0.16695248,0.15821596,0.145406131,0.173651433,0.145400136,0.27815228,0.28037157,0.234848913,0.294146101,0.347488045,0.234849201,0.118294386,0.137207071,0.231631414,0.177094607,-0.120966418,0.262916602,0.228486372,0.297031996
1,0.199615264,0.177680643,0.234394203,0.198622025,0.181855947,0.170805358,0.184350677,0.170798316,0.231512071,0.206914606,0.188006946,0.224703365,0.298500046,0.188043591,0.144790256,0.156548914,0.259932547,0.194109339,-0.160355434,0.287258973,0.241310592,0.291373962
1,0.201072554,0.159222576,0.110554558,0.222465821,0.186228151,0.201242704,0.212913,0.201391131,0.226099528,0.199711729,0.186486093,0.230978059,0.287591348,0.186449032,0.170567099,0.163892218,0.270513788,0.203993262,-0.147660665,0.227050748,0.236994255,0.338470524
1,0.216327651,0.178626537,0.141235934,0.136739556,0.120189215,0.11733654,0.135884476,0.117331702,0.264076113,0.242326199,0.243190206,0.270136343,0.345201329,0.243150394,0.087635066,0.195963595,0.277264665,0.217823707,-0.201161959,0.221025979,0.237970924,0.258828777
1,0.229260219,0.193899351,0.138806502,0.122277276,0.116717522,0.108053424,0.122074821,0.108212679,0.269713845,0.239778675,0.260354755,0.257169748,0.314560672,0.260394026,0.058914411,0.219346995,0.264993637,0.205746215,-0.163112517,0.237008861,0.263557832,0.276442699
1,0.248731234,0.202614485,0.158490568,0.137948923,0.122271132,0.113709303,0.133578549,0.113704615,0.272222053,0.242526088,0.267723802,0.26198172,0.292741296,0.267764936,0.088719128,0.208859108,0.24092303,0.217774272,-0.207085376,0.198980726,0.241143816,0.25701842
1,0.271184177,0.244628134,0.163600078,0.249149139,0.236111319,0.226532985,0.233951453,0.226523645,0.124822404,0.126603307,0.104673968,0.116500154,0.134610282,0.104674096,0.099328831,0.282384945,0.206751668,0.269064344,-0.254045113,0.242178334,0.295262401,0.253635368
1,0.147019797,0.213239851,0.141188836,0.180635083,0.240791393,0.160095026,0.191176856,0.160088426,0.240871093,0.249959177,0.208772417,0.234464671,0.288862483,0.208812853,0.137067111,0.222211122,0.230817284,0.230371972,-0.21645982,0.220689174,0.26530095,0.219098605
1,0.304053743,0.272199996,0.172588348,0.163902129,0.151979766,0.159884209,0.150589507,0.159877617,0.158689204,0.154039415,0.135270096,0.154116943,0.1805843,0.135219542,0.065625919,0.329344847,0.233332085,0.284094842,-0.303245186,0.266145592,0.304699824,0.185719933
1,0.267823946,0.279792703,0.191697997,0.183313727,0.155928637,0.164038461,0.181573164,0.163812988,0.158920147,0.168238048,0.137848122,0.154739793,0.180723668,0.137900329,0.081658137,0.327611731,0.205169254,0.293795589,-0.315557078,0.236645953,0.279360566,0.210706168
1,0.286220363,0.307926108,0.189654875,0.115731524,0.105005317,0.105385162,0.117383837,0.105159893,0.143715566,0.138185213,0.121267146,0.138271657,0.166058289,0.121267295,0.042050071,0.342141468,0.27177438,0.276189956,-0.361914864,0.341054954,0.273353614,0.141695073
1,0.297089646,0.266438827,0.182427658,0.185899937,0.156238513,0.184088187,0.167379282,0.184299741,0.148614704,0.143031115,0.12404394,0.143256121,0.178405252,0.124096234,0.072085758,0.335567974,0.245120872,0.293222836,-0.33453703,0.253758944,0.23682567,0.175172572
-1,0.35692787,0.275435826,0.447281546,0.106063911,0.051613238,0.108160888,0.110150058,0.108156429,0.090294813,0.081844075,0.087278049,0.091335872,0.078821575,0.087278156,0.020699391,0.34677123,0.239771227,0.297651811,-0.367144225,0.212763273,0.209041428,0.109841194
-1,0.351896126,0.272016111,0.436294531,0.086258961,0.050335977,0.08514994,0.088241305,0.085146429,0.081403653,0.073235712,0.076198173,0.083966855,0.073037029,0.076248662,0.009944701,0.390797051,0.239492133,0.290555275,-0.374347295,0.202552265,0.24586548,0.085755719
-1,0.353188129,0.281625243,0.442080701,0.076482236,0.050735978,0.072376158,0.087008992,0.072373174,0.102098353,0.092064757,0.097528497,0.108928454,0.091876868,0.09747782,0.007142656,0.391801924,0.260099501,0.291541286,-0.347133916,0.206355222,0.17819877,0.121540267
-1,0.362480168,0.278744849,0.454161542,0.065366757,0.045964047,0.059959741,0.069418283,0.059742368,0.077628909,0.070965796,0.071942267,0.080541504,0.069922069,0.071942355,0.004350158,0.41885473,0.207082019,0.294829996,-0.380464828,0.211701392,0.18321128,0.071308874
-1,0.365398022,0.279616025,0.453623746,0.064866395,0.046124703,0.060816297,0.069009881,0.061029442,0.078226867,0.07121384,0.072039792,0.081356502,0.070849587,0.07198857,0.003940952,0.424986941,0.191754136,0.295767214,-0.395152466,0.19456814,0.16941094,0.056770042
-1,0.351720622,0.270214207,0.439357051,0.070046855,0.049752484,0.065948529,0.072682013,0.065736459,0.094649527,0.087026787,0.087568499,0.098401047,0.090664305,0.087568607,0.00794594,0.396154582,0.188442622,0.287451115,-0.374587976,0.19658183,0.282760013,0.071285356
1,0.302696822,0.24131906,0.367656319,0.141727916,0.096991771,0.142646744,0.148469168,0.142844927,0.1642735,0.149837701,0.168091684,0.169998015,0.148860531,0.168140443,0.033620121,0.282517113,0.192164783,0.293808237,-0.288698296,0.245497754,0.278999339,0.200008208
1,0.310903425,0.240770069,0.371184571,0.131960207,0.100586092,0.130155597,0.139276797,0.130361857,0.14832478,0.138124787,0.141692317,0.151822902,0.142789152,0.141692491,0.020229429,0.314882385,0.188931284,0.306570913,-0.292423262,0.229296656,0.296282039,0.21666494
1,0.322963635,0.26513008,0.404371486,0.103144261,0.102152275,0.098653052,0.107706143,0.098648984,0.117512643,0.109381467,0.111375634,0.117633949,0.115737644,0.111324634,0.013958116,0.342688425,0.226966935,0.304424405,-0.319010533,0.251749257,0.269207162,0.180292172
1,0.325177714,0.257601964,0.385365252,0.110915006,0.098724408,0.104689921,0.114124863,0.104685604,0.130793495,0.1218501,0.122909258,0.128844782,0.128396999,0.122958829,0.015475232,0.325887618,0.215499587,0.291181322,-0.287022119,0.305873976,0.273145071,0.197275783
1,0.332592499,0.259657029,0.407973127,0.107884342,0.101827121,0.106051902,0.113184213,0.106261767,0.121275763,0.112362564,0.118361362,0.124679328,0.119538053,0.118310533,0.013913687,0.342670799,0.182884942,0.303223329,-0.327621674,0.237709847,0.280727808,0.165314647
1,0.347091341,0.272434494,0.404912752,0.098591378,0.053741594,0.090910991,0.100355741,0.09113338,0.125272062,0.11596819,0.119770531,0.126010489,0.126280222,0.119770678,0.016339563,0.356728616,0.18119581,0.317382249,-0.366458738,0.079121485,0.294755745,0.154683568
-1,0.395872648,0.303378359,0.48330613,0.100770299,0.04755625,0.101460115,0.109949517,0.101455932,0.132751994,0.127498727,0.147837112,0.126729848,0.102599948,0.147789681,0.041632844,0.271315202,0.159618641,0.241999083,-0.336547496,0.108920171,0.266939618,0.112399699
-1,0.393718955,0.298313698,0.487575309,0.092869103,0.046478944,0.092120641,0.102144901,0.091921265,0.130337165,0.117012261,0.140439655,0.125552384,0.110719264,0.140393293,0.037115626,0.269939168,0.234059869,0.229320318,-0.305662069,0.170787589,0.243605889,0.135708899
-1,0.407958542,0.309078589,0.500882711,0.071312924,0.042981619,0.065715499,0.083114189,0.065712789,0.107974702,0.098370575,0.111454294,0.111606107,0.093939926,0.111406617,0.025650326,0.304003765,0.230300918,0.236005995,-0.326289104,0.101574828,0.258516053,0.108644219
-1,0.406234167,0.313584407,0.490239941,0.076267648,0.042903395,0.070410278,0.084174063,0.070206784,0.113474715,0.10442593,0.121274107,0.109045911,0.092044265,0.121321983,0.026844348,0.299431283,0.226204585,0.236927374,-0.322831937,0.112983495,0.261929898,0.121767853
-1,0.400682778,0.314415215,0.486567934,0.077718144,0.046509951,0.074567683,0.087442372,0.074368901,0.119160214,0.107206074,0.126563827,0.1182529,0.101759634,0.126610547,0.02619085,0.287123515,0.239224234,0.228527575,-0.32218813,0.137832587,0.258396781,0.112591875
-1,0.426189424,0.324481849,0.39679872,0.063286852,0.033676823,0.055875569,0.069059887,0.055873265,0.088304922,0.081007402,0.088723154,0.091396023,0.078784569,0.088675097,0.024587456,0.323594671,0.32308145,0.237717128,-0.34088179,0.224371182,0.226667871,0.103377125
-1,0.226407794,0.175171135,0.275834595,0.196751103,0.211221049,0.112658758,0.136171926,0.112654113,0.135709711,0.123443334,0.13560598,0.106637581,0.144089729,0.135659014,0.052412627,0.306906249,0.336737305,0.301360011,-0.329163132,0.326595964,0.255083372,0.175807912
-1,0.232766414,0.180955157,0.279140924,0.164175812,0.161837059,0.084446072,0.106219134,0.084669587,0.144485342,0.13581003,0.150686794,0.112590682,0.143811755,0.150632969,0.029484615,0.338022124,0.31972892,0.316434831,-0.338501731,0.331864609,0.257397095,0.172903176
-1,0.226704067,0.180866926,0.275238947,0.159104404,0.155746216,0.092409455,0.110135431,0.092187192,0.180654272,0.167192532,0.193510062,0.138346305,0.166573451,0.193562277,0.029419042,0.32743689,0.315947193,0.313353565,-0.334223795,0.30675599,0.221880276,0.133715011
-1,0.225861369,0.17638505,0.259239461,0.162288752,0.203780073,0.084250806,0.109371147,0.084247333,0.165020711,0.154073466,0.174897449,0.127142776,0.156572283,0.174897664,0.028567802,0.319974258,0.284465164,0.301325388,-0.32988414,0.345325447,0.287737931,0.134297085
-1,0.233614278,0.185203989,0.286509602,0.161248462,0.15603487,0.08995432,0.109678836,0.089950611,0.190353452,0.178555858,0.206678726,0.145099713,0.166089853,0.206678979,0.029596629,0.322262035,0.263102611,0.309998072,-0.356087808,0.266189806,0.238248743,0.154332593
-1,0.222472265,0.176845219,0.262339948,0.170795177,0.196078886,0.102107074,0.113955756,0.102102864,0.195102407,0.182709062,0.205537836,0.155505554,0.181738283,0.205538089,0.028068097,0.312789806,0.226727335,0.299605306,-0.324424114,0.307136508,0.253167902,0.179814223
1,0.163801302,0.1490074,0.199147464,0.232149761,0.300312176,0.189017222,0.26486557,0.188828904,0.185858943,0.178841985,0.19109599,0.179639693,0.168859309,0.191139178,0.052581312,0.226373371,0.253008365,0.273331661,-0.193097515,0.204748965,0.197974196,0.33791747
1,0.151004372,0.127665716,0.184592035,0.243435791,0.313367752,0.196810577,0.268205339,0.196637637,0.200278065,0.19658804,0.210479682,0.203060293,0.183041052,0.210519158,0.054681836,0.204122344,0.240736676,0.247371997,-0.164322162,0.201648654,0.183278843,0.335940277
1,0.150916271,0.131678568,0.181678393,0.217139711,0.272654425,0.173084518,0.254326707,0.173077381,0.230554011,0.212674479,0.237724388,0.233341072,0.20782236,0.237763676,0.044651397,0.209376046,0.232180734,0.248865299,-0.167353519,0.215500032,0.17395549,0.324563851
1,0.180791908,0.1472182,0.218858204,0.234919009,0.263598471,0.165830295,0.261745255,0.166008322,0.160507395,0.158722433,0.156894968,0.166808542,0.162963453,0.156939145,0.035394478,0.251537447,0.25644171,0.279466365,-0.195982514,0.295827134,0.20627321,0.343597703
1,0.173061913,0.143556065,0.205926494,0.236436381,0.295377521,0.177920879,0.264265615,0.178091102,0.177829756,0.182801467,0.176676057,0.178444894,0.171709196,0.176718521,0.039237264,0.239330449,0.250726632,0.267002191,-0.182865359,0.257300794,0.179051802,0.342331643
1,0.154608172,0.268476704,0.181211246,0.236512969,0.30691433,0.180649623,0.253422319,0.180803606,0.197131602,0.219507632,0.20798878,0.197081421,0.184019979,0.207950626,0.051876441,0.208515383,0.231300101,0.243934853,-0.171173989,0.197481697,0.163206438,0.301887041
-1,0.389606878,0.325203687,0.262013577,0.106451892,0.053087906,0.098517635,0.102506999,0.09873696,0.157413263,0.14753631,0.15546611,0.173799128,0.139705424,0.155466301,0.05470292,0.34041364,0.199636663,0.280348954,-0.361816446,0.082574116,0.303408832,0.134034862
-1,0.405948667,0.319265424,0.230580914,0.097226129,0.051792919,0.100691348,0.099348582,0.100469259,0.15728693,0.139703965,0.157585173,0.174681433,0.13215537,0.157585367,0.018443088,0.339699735,0.255279499,0.276487672,-0.365689936,0.103861787,0.279259653,0.126951176
-1,0.385197311,0.294747796,0.458013982,0.093427245,0.049395027,0.094782435,0.090356636,0.094986374,0.129306436,0.117086177,0.128628689,0.142427661,0.11286885,0.128678301,0.019868217,0.320477122,0.198292235,0.266812689,-0.333100604,0.109959495,0.261412165,0.126809441
-1,0.38781546,0.292275999,0.487365558,0.101653689,0.048297289,0.106699368,0.095097431,0.106898197,0.126509726,0.114484094,0.127946043,0.135114691,0.108429183,0.127994554,0.020055183,0.314663826,0.136337875,0.25671178,-0.338756016,0.02095662,0.280228319,0.112351775
-1,0.399262125,0.322675257,0.494960082,0.07230024,0.044639539,0.071381077,0.071198358,0.071378134,0.115142618,0.104597501,0.114561597,0.123526601,0.095957856,0.114611396,0.017603346,0.328760991,0.15108092,0.259906208,-0.35992398,0.065459737,0.230740048,0.090767539
-1,0.433435708,0.333310865,0.275554117,0.091295218,0.05394639,0.092619481,0.095941115,0.092615662,0.149988228,0.135811801,0.152633131,0.16285149,0.126761444,0.152687329,0.026804545,0.332286946,0.181284451,0.286114957,-0.381961975,0.007858132,0.265441261,0.122825755
1,0.206075932,0.17245287,0.126550029,0.243101609,0.251077817,0.227157247,0.233896707,0.226971798,0.213223421,0.214119308,0.230008405,0.19710926,0.19347079,0.230008687,0.108070608,0.205389583,0.211852716,0.234666506,-0.219127432,0.220398334,0.229362294,0.235370965
1,0.194693203,0.174077789,0.120644465,0.265860169,0.283557366,0.25926978,0.238252914,0.259088638,0.200790082,0.203961412,0.199293123,0.185430039,0.200782885,0.199293368,0.127425983,0.203080914,0.222011824,0.229733592,-0.208793259,0.193421682,0.215591504,0.227936252
1,0.162996527,0.135406407,0.096099366,0.253359376,0.258899353,0.264329909,0.191987166,0.264319011,0.277616569,0.25288512,0.306381621,0.203979478,0.209028956,0.306349596,0.186911283,0.165158789,0.18274556,0.184134951,-0.183886267,0.114068369,0.159230597,0.149368778
1,0.182302147,0.147335053,0.106602441,0.190083357,0.175408422,0.206822778,0.157760414,0.206666631,0.303402833,0.28503043,0.35372626,0.227692249,0.242825607,0.353691571,0.100893262,0.191184525,0.188130885,0.198479638,-0.212629068,0.098519066,0.174123785,0.12385912
1,0.20526943,0.171688452,0.121088482,0.242178814,0.245910851,0.242661195,0.218149792,0.24265119,0.22757711,0.244553401,0.229952871,0.203292191,0.230149929,0.229994187,0.126017101,0.208403058,0.220662988,0.232859331,-0.226974508,0.151137212,0.216832381,0.184323115
1,0.162891849,0.155066772,0.101000408,0.235050421,0.238303905,0.229496161,0.206716601,0.229343448,0.270014673,0.268803334,0.281088697,0.218472888,0.242186325,0.281089042,0.135362509,0.158634445,0.203497896,0.194172937,-0.17162935,0.177722455,0.208914794,0.205727863
1,0.21635089,0.185027854,0.257651502,0.147865243,0.154036503,0.1166745,0.143495874,0.116669689,0.139566368,0.127585225,0.150209318,0.123599151,0.131502591,0.150158096,0.026848587,0.331663096,0.28017649,0.304731792,-0.287876467,0.392281509,0.262950264,0.240305405
1,0.151359519,0.584546139,0.185963304,0.145944493,0.19254038,0.130282974,0.160939281,0.130439639,0.15019746,0.142270436,0.1588027,0.137792595,0.143426798,0.158841448,0.028381584,0.233627878,0.215707799,0.236502495,-0.200890368,0.274149459,0.172494876,0.215928979
1,0.190263851,0.161703006,0.236982937,0.171907166,0.195757468,0.16063225,0.175937786,0.160625627,0.190415966,0.172809057,0.210492627,0.168750701,0.170630366,0.210443888,0.027732602,0.312387595,0.23531981,0.310608766,-0.251719177,0.229362915,0.252991138,0.2976091
1,0.185919474,0.15135642,0.226765349,0.175599216,0.239295313,0.167357433,0.175701864,0.167350532,0.168902965,0.161170595,0.184571539,0.151823589,0.15629243,0.18452385,0.026724092,0.30259761,0.244070304,0.300516732,-0.253771345,0.350097641,0.206977539,0.272128287
1,0.16183602,0.1568462,0.197237221,0.145266895,0.163436088,0.139268462,0.15000307,0.13926272,0.260338696,0.233781646,0.296128913,0.237224149,0.21037992,0.296088369,0.043745493,0.239606806,0.220070725,0.251082581,-0.228455338,0.323645789,0.190542964,0.197057864
1,0.195763847,0.163192955,0.243202658,0.165755552,0.201826141,0.143955052,0.179469145,0.143736803,0.176783614,0.16249427,0.194588859,0.157437421,0.15718473,0.194589098,0.025070528,0.326908439,0.238425286,0.320407498,-0.263316338,0.293536691,0.20834491,0.292067746
1,0.145119952,0.114231471,0.176591688,0.187444927,0.260143321,0.181171747,0.182857952,0.181346718,0.221198466,0.186411019,0.234797074,0.212801398,0.202685442,0.234753953,0.054473178,0.237991782,0.307664982,0.26293846,-0.214690972,0.251150453,0.203182981,0.280380311
1,0.127254824,0.107395654,0.13891408,0.26562162,0.359879728,0.282584812,0.263326281,0.282421728,0.178957748,0.212382626,0.191646831,0.166986009,0.14658104,0.191683097,0.094516389,0.173384824,0.235350207,0.221188712,-0.17118712,0.222003455,0.200466071,0.248776078
1,0.131453619,0.109251988,0.148641059,0.192355491,0.272856607,0.191419899,0.205493869,0.191576028,0.249915827,0.231948848,0.265296709,0.248628612,0.213469064,0.265336061,0.0840659,0.186379378,0.233649802,0.233616806,-0.167593308,0.140362877,0.239539667,0.31795732
1,0.141845911,0.117471906,0.167030602,0.211055366,0.295970649,0.22845224,0.199268592,0.228264906,0.212611598,0.204595801,0.22757478,0.202570291,0.176321125,0.227617391,0.091287274,0.208576078,0.267993534,0.256130419,-0.210052896,0.206599123,0.219237455,0.274073905
1,0.166516458,0.133381971,0.202815685,0.202536602,0.282015814,0.208271755,0.207785766,0.208263168,0.181757082,0.165970294,0.193550898,0.173815158,0.156717678,0.193598193,0.068784198,0.242209145,0.286812322,0.288074805,-0.228513856,0.16036084,0.265084003,0.309391263
1,0.184727874,0.140597105,0.21109641,0.163668357,0.213123963,0.166138503,0.174624967,0.166355853,0.188717037,0.175945459,0.204361326,0.186217145,0.15746123,0.204361577,0.055595244,0.297397729,0.338039903,0.320138366,-0.310773881,0.09673922,0.254124335,0.234913225
1,0.212493297,0.181543519,0.116406663,0.181871312,0.136960365,0.1806809,0.182683172,0.18067345,0.261591049,0.243488566,0.275513669,0.269277913,0.228850392,0.275514007,0.221574106,0.119366764,0.209644416,0.194323613,-0.175303251,0.272730611,0.246465744,0.206182341
1,0.252273087,0.205053929,0.278721331,0.114681732,0.079449199,0.110327367,0.123129946,0.110155662,0.243806431,0.214952213,0.251396706,0.257722991,0.217625117,0.251397015,0.130741485,0.16124384,0.255060589,0.224881701,-0.217572213,0.291357167,0.285847712,0.198013483
1,0.256632565,0.21428405,0.261169794,0.093665263,0.082071966,0.084441024,0.10113021,0.084264869,0.245774329,0.219364827,0.255505154,0.257901182,0.217542292,0.255505467,0.152971317,0.163971918,0.270316248,0.227342362,-0.252919709,0.319887428,0.252969404,0.147592014
1,0.18745687,0.177734461,0.171762643,0.112052686,0.090914154,0.109797687,0.120110003,0.109920678,0.314381726,0.287337719,0.334141296,0.327997493,0.270236516,0.334111365,0.172947508,0.105867911,0.201013256,0.17464135,-0.161789401,0.210761145,0.220759985,0.166543355
1,0.185172901,0.16542712,0.102253539,0.096668266,0.091037115,0.0907918,0.097914111,0.090660366,0.325250529,0.322451936,0.345257184,0.33594337,0.277478294,0.345227226,0.151282442,0.112232263,0.200115558,0.175609319,-0.169886771,0.211218108,0.211934871,0.146454606
1,0.208199707,0.192398184,0.215832349,0.166446536,0.132062597,0.162966241,0.175730928,0.162820596,0.226881275,0.238559388,0.227780405,0.23782488,0.217208854,0.227813739,0.282120225,0.098305237,0.214663997,0.191468267,-0.139966551,0.287857842,0.281501335,0.272683016
1,0.162512299,0.147707961,0.09787676,0.146664559,0.111191754,0.135807766,0.159965059,0.135802166,0.294089842,0.288108619,0.30474808,0.309763764,0.27069669,0.304720623,0.286929229,0.081918332,0.199841769,0.158536215,-0.121333297,0.251208054,0.214186787,0.208755623
1,0.148965099,0.117698358,0.185593469,0.083235124,0.083811802,0.079001073,0.080560865,0.078997816,0.35427604,0.352578337,0.370971001,0.360754737,0.302695399,0.370943485,0.054798064,0.137850472,0.154007411,0.155244142,-0.173393208,0.134367387,0.152146407,0.093189107
1,0.21733728,0.177767222,0.26821655,0.136336092,0.125317212,0.13183494,0.135845036,0.131829505,0.278870675,0.261542726,0.298984749,0.274052441,0.242684092,0.299026938,0.094586285,0.196850956,0.208861187,0.238669985,-0.240682957,0.0851911,0.227440197,0.193744941
1,0.184718343,0.144118655,0.119598068,0.093993077,0.103811406,0.083436914,0.099345133,0.083579082,0.326671712,0.360344297,0.347244854,0.341658717,0.289793524,0.347279925,0.049575229,0.182076547,0.170357812,0.187829037,-0.206095143,0.139407388,0.167174608,0.138395463
1,0.252787323,0.203655176,0.140883974,0.11619745,0.091292454,0.112943699,0.113651533,0.112746969,0.270258864,0.229085533,0.282702124,0.275709282,0.240244004,0.282656771,0.045900834,0.254496531,0.252304576,0.252873158,-0.276231134,0.199298721,0.227277991,0.182562268
1,0.255822567,0.194995455,0.312578579,0.12149374,0.092608073,0.117494072,0.11587758,0.117294387,0.241396795,0.214219838,0.252146055,0.230036175,0.226689058,0.252146364,0.055765217,0.252052458,0.227872062,0.254171756,-0.280016971,0.194077796,0.252115082,0.189919397
1,0.256810802,0.200393727,0.300545084,0.111853251,0.091990678,0.103355805,0.107509288,0.103545086,0.247775492,0.230837626,0.249498013,0.242267797,0.246022707,0.249452269,0.046360721,0.261567445,0.18538433,0.248101844,-0.2857356,0.2078401,0.264203036,0.173545297
1,0.135381013,0.114562875,0.161766604,0.280837908,0.308558189,0.289418933,0.244196515,0.289277163,0.191046562,0.172511314,0.197865683,0.174569342,0.181436224,0.197896818,0.297539572,0.118756743,0.213733087,0.171492196,-0.120076047,0.190069009,0.191470989,0.261395873
1,0.125811063,0.103334027,0.123731439,0.279281104,0.313528004,0.29721091,0.237158825,0.297198656,0.212942936,0.196630328,0.217617953,0.195079107,0.212103501,0.217589684,0.34808583,0.110379006,0.179066879,0.153182088,-0.142348246,0.133770772,0.161628595,0.184574039
1,0.090650846,0.074662617,0.0919282,0.281104998,0.306299149,0.298771395,0.256805348,0.298673152,0.21909224,0.219985647,0.221471344,0.210595924,0.224862665,0.221471616,0.404492534,0.063716629,0.143461028,0.107211712,-0.074331224,0.115139606,0.124948933,0.192215581
1,0.056796407,0.046874819,0.067631587,0.303757543,0.334947865,0.348682133,0.249076558,0.348721965,0.188387149,0.187644557,0.207320429,0.160620656,0.151993461,0.207320683,0.479802984,0.028663752,0.095149775,0.065823595,-0.04614856,0.077909846,0.08949264,0.118855641
1,0.108036195,0.093012798,0.081798627,0.264342296,0.287625524,0.273839318,0.276773432,0.273928885,0.235630061,0.228830245,0.23202886,0.22904468,0.236146891,0.232029144,0.335818541,0.090578186,0.168726672,0.119947755,-0.097513867,0.172603102,0.146867193,0.212743982
1,0.067310343,0.208452417,0.041129378,0.29498608,0.303113141,0.322472631,0.284938296,0.322517311,0.206769384,0.209468843,0.229714725,0.17945581,0.158017278,0.229728801,0.422650478,0.03626341,0.090402397,0.068744411,-0.043606418,0.086574124,0.086107362,0.152408489
1,0.331662053,0.250850265,0.213867265,0.110925893,0.125806351,0.083380197,0.108674041,0.083376759,0.113353394,0.110029907,0.098623088,0.10787712,0.120857433,0.098686186,0.036836175,0.422371803,0.205472219,0.353458168,-0.418840113,0.130369482,0.29277912,0.178255971
1,0.325565474,0.249043311,0.349646901,0.07839409,0.060245352,0.057801378,0.076531088,0.058052499,0.098868997,0.092577576,0.084865645,0.091246852,0.099919749,0.084805432,0.017319151,0.429469142,0.174761519,0.324055372,-0.414742096,0.202509104,0.289002638,0.139635075
1,0.295818501,0.232956467,0.339528746,0.102918072,0.112636677,0.082472445,0.095866963,0.082706025,0.120779784,0.116004485,0.111642433,0.119887663,0.113567855,0.111586185,0.038510081,0.387512389,0.226470091,0.315413891,-0.381483215,0.274952813,0.260865811,0.158105442
1,0.312190708,0.242290046,0.373153092,0.068533377,0.05736991,0.049248627,0.067048078,0.049246597,0.097257959,0.090972537,0.089947728,0.09435667,0.101377546,0.090005276,0.015813822,0.42821829,0.210931201,0.302540272,-0.38770645,0.245816284,0.283795936,0.152388164
1,0.292418813,0.223267525,0.331130331,0.100655164,0.109733105,0.079653811,0.085031892,0.079881398,0.126757898,0.122880407,0.104315034,0.112513659,0.132371325,0.104260231,0.042774984,0.369427629,0.237579975,0.298863225,-0.350543432,0.317409076,0.318461945,0.143697254
1,0.313078667,0.238231572,0.351912263,0.072629598,0.05870238,0.055579933,0.071588173,0.055577641,0.09577563,0.089246883,0.080223688,0.087993288,0.110997855,0.080165015,0.016528347,0.440844951,0.201103198,0.308715881,-0.382956643,0.21900104,0.313148679,0.168086135
1,0.27940476,0.222263958,0.149457238,0.224678146,0.164999782,0.234334882,0.203839018,0.234498794,0.200063278,0.185443012,0.219420632,0.19483697,0.163693232,0.219379603,0.046213634,0.227035456,0.22581433,0.237621363,-0.233401672,0.266894763,0.249927226,0.190479445
1,0.319313373,0.261923324,0.183473243,0.200195409,0.136011329,0.212338521,0.194087725,0.212138993,0.165131304,0.153418798,0.162317598,0.169779786,0.159883793,0.162317797,0.037759241,0.26437704,0.217526354,0.256695138,-0.230775423,0.26994528,0.268605898,0.262181367
1,0.333843008,0.259276008,0.40973401,0.197577286,0.136877572,0.211962926,0.196483043,0.212146174,0.12801762,0.115610462,0.130461843,0.125622683,0.113552384,0.130416323,0.044800813,0.256535352,0.169722826,0.252865368,-0.285824735,0.195313638,0.265163998,0.154768028
1,0.287651238,0.228627157,0.342704545,0.239521144,0.160213523,0.25383058,0.246771644,0.253820115,0.151757576,0.137503222,0.15362631,0.154579425,0.134767558,0.153626498,0.06235795,0.214127864,0.219847007,0.224978839,-0.189069517,0.197195989,0.221095749,0.267112949
1,0.336625741,0.274009564,0.381612103,0.173340824,0.136953196,0.184993724,0.162376541,0.185178191,0.122196721,0.11119662,0.118056415,0.120821223,0.113093551,0.11805656,0.033484157,0.271156482,0.221550593,0.256480907,-0.26351622,0.265274007,0.263916798,0.201877283
1,0.35523018,0.286460996,0.203725158,0.172695914,0.098129182,0.187057951,0.153326643,0.186843781,0.16455824,0.167636609,0.163136569,0.163947411,0.149858774,0.163087647,0.060831178,0.269184636,0.178957578,0.272936666,-0.319634345,0.20698455,0.334807146,0.140959465
1,0.205786149,0.490921226,0.120373484,0.235036474,0.23168828,0.196940587,0.188854737,0.196769982,0.113390718,0.14834574,0.092321193,0.083607936,0.093456174,0.092359966,0.276424627,0.229575395,0.1732138,0.199050368,-0.174686646,0.234486751,0.242355629,0.26353341
1,0.256309411,0.52698317,0.149876411,0.156255726,0.138497381,0.12471972,0.121396171,0.124714578,0.107245032,0.111695692,0.084028856,0.089745414,0.115335704,0.08402896,0.084872713,0.305317905,0.228976116,0.234798149,-0.270428772,0.292914308,0.283147926,0.195311412
1,0.249991696,0.484531538,0.148785711,0.16465149,0.125165677,0.128515311,0.138330786,0.128334452,0.114670697,0.119359351,0.094862682,0.105427665,0.131245273,0.094821027,0.088943773,0.268955588,0.223432914,0.219401524,-0.185697475,0.360456149,0.288362393,0.293427199
1,0.273755155,0.499804618,0.162033022,0.143751554,0.131275338,0.086728651,0.107839523,0.086909204,0.089172673,0.092279663,0.081092852,0.084723948,0.095906235,0.081092952,0.044313129,0.274727202,0.22648394,0.223036426,-0.20811792,0.399327068,0.286268042,0.274221721
1,0.36844196,0.291239591,0.205074704,0.138925411,0.096721192,0.077534754,0.078635011,0.077531557,0.10009218,0.09803197,0.098627254,0.079413139,0.098994197,0.098675793,0.038961487,0.29829341,0.24609699,0.219208951,-0.258283676,0.437102106,0.328627102,0.265397625
1,0.191821743,0.524564362,0.168825655,0.175149689,0.21197984,0.128986021,0.169109709,0.128980703,0.135639949,0.153169124,0.108110473,0.123239261,0.139985573,0.108153052,0.117866173,0.263226361,0.227517639,0.225619878,-0.253882152,0.275544079,0.264500966,0.160722614
1,0.32080777,0.287114543,0.195879917,0.169115951,0.155109826,0.136416025,0.145152549,0.136627961,0.096301249,0.098891353,0.082926786,0.084767615,0.108691795,0.082978653,0.071014501,0.352448951,0.227594352,0.26391042,-0.23578736,0.33805775,0.318905611,0.301939878
1,0.18437587,0.199599956,0.142984712,0.19033699,0.190113019,0.194880747,0.192238011,0.194872712,0.27134528,0.27411629,0.295443069,0.254003138,0.233134935,0.295443432,0.088524547,0.174648177,0.225073801,0.219308501,-0.199449361,0.141481089,0.184602272,0.217396924
1,0.274013036,0.21818553,0.153291975,0.256857381,0.214506907,0.274045604,0.244698865,0.273853782,0.1710927,0.162008446,0.176791308,0.176400463,0.157747752,0.176748573,0.092016528,0.202214281,0.278470244,0.244586197,-0.226135653,0.141904098,0.216645581,0.229997492
1,0.25576863,0.234775239,0.168026659,0.230218579,0.186608837,0.237344028,0.234090424,0.237334243,0.174158172,0.170834128,0.180617845,0.172397879,0.152795404,0.180618066,0.111486004,0.22471674,0.317551564,0.264343626,-0.26844399,0.155277886,0.209085196,0.211155621
1,0.232330926,0.233047259,0.165943859,0.237708782,0.228035558,0.238360319,0.244489019,0.238350491,0.171637356,0.173717228,0.169174558,0.177437382,0.168825661,0.169220426,0.10111112,0.21580308,0.319899026,0.260949565,-0.246981881,0.135483151,0.187055546,0.25262229
1,0.23130188,0.242748299,0.174641902,0.184572062,0.190861518,0.177095187,0.198207677,0.177288666,0.212186413,0.191888032,0.212680565,0.224133589,0.205250509,0.212633054,0.101269248,0.217649137,0.327174913,0.274014197,-0.255908301,0.096563488,0.201835265,0.254045797
1,0.266831154,0.233836287,0.163475526,0.206706995,0.182257666,0.211677491,0.203164239,0.211668763,0.207412729,0.191431471,0.21171501,0.220432974,0.199642069,0.211715269,0.096811937,0.209575614,0.293356031,0.261207868,-0.256938755,0.12239406,0.211239928,0.222717014
1,0.236213945,0.18603285,0.278702175,0.176938034,0.226214183,0.152782869,0.137935294,0.152538599,0.093080673,0.090602528,0.091385573,0.0838892,0.087335402,0.091385685,0.115343696,0.380914215,0.284693632,0.307850511,-0.377197754,0.200815021,0.30584149,0.158734808
1,0.250487486,0.194172476,0.283446179,0.114132525,0.118895926,0.08705546,0.101949496,0.087302019,0.096802645,0.087464917,0.084992275,0.090967375,0.102219642,0.084992379,0.034250168,0.393353579,0.321374501,0.332416657,-0.339072778,0.270490674,0.29116911,0.271413282
1,0.227018868,0.177767572,0.24319319,0.188158661,0.215134677,0.182643304,0.162607931,0.182862088,0.120999751,0.10990434,0.113564155,0.114771918,0.122282521,0.113618142,0.102440825,0.323214087,0.276441968,0.30292154,-0.319429235,0.25427556,0.317245044,0.227295206
1,0.229534058,0.175806068,0.257157031,0.157419258,0.163183418,0.153816823,0.141652084,0.153581596,0.131387281,0.122712345,0.117794648,0.115367568,0.135686205,0.117849251,0.065315699,0.35511127,0.280455792,0.311054601,-0.321865346,0.274064605,0.319334183,0.230837029
1,0.234842951,0.181550427,0.220155526,0.138301029,0.168640501,0.119930151,0.121395864,0.120161745,0.107567974,0.097409406,0.106875919,0.102548664,0.097942538,0.10681977,0.060051678,0.329917044,0.291288686,0.315410065,-0.295814581,0.332688837,0.328521952,0.324643983
1,0.245529772,0.18804144,0.292034973,0.138685986,0.176773498,0.124970133,0.127998933,0.12496498,0.09792184,0.095364228,0.086721645,0.095226728,0.101319557,0.086780745,0.035133645,0.378800501,0.312678097,0.331440847,-0.367805881,0.244491901,0.278471843,0.207252872
1,0.13583436,0.10571508,0.152677991,0.152206486,0.218052179,0.133506748,0.147269971,0.133501243,0.285582507,0.262000531,0.292863586,0.294320239,0.252656598,0.29290033,0.130314242,0.155575311,0.255029915,0.210345702,-0.186501357,0.270329714,0.200473016,0.21970811
1,0.154259177,0.131003597,0.189564423,0.139805261,0.159201764,0.122596694,0.159262224,0.122424164,0.261774251,0.246593426,0.26646089,0.268469058,0.251311311,0.266501065,0.119078533,0.176841968,0.286136234,0.21879085,-0.205493735,0.297588076,0.243275014,0.226004776
1,0.150483614,0.130068236,0.183978898,0.121276253,0.151269209,0.10455281,0.13595379,0.104707629,0.293981985,0.266453983,0.270903398,0.292588204,0.314689036,0.270865868,0.101915685,0.180423733,0.269579227,0.208317759,-0.160304559,0.263463958,0.21479119,0.24402458
1,0.140100725,0.118546966,0.160267723,0.12593638,0.141123324,0.114465069,0.139832376,0.114608807,0.29674938,0.274536541,0.306883038,0.307302346,0.277727514,0.306918737,0.154014615,0.148261467,0.242749414,0.194475341,-0.158978104,0.249102251,0.218973716,0.24076315
1,0.13648123,0.113165834,0.162767484,0.116303881,0.138612858,0.104116973,0.127660301,0.104258496,0.31156806,0.29287916,0.319534257,0.318338812,0.293704602,0.319569343,0.107778188,0.151006552,0.244372419,0.189071441,-0.189013786,0.246205218,0.194707513,0.180291064
1,0.194227256,0.161920025,0.236135492,0.129103795,0.142963971,0.108889241,0.140445449,0.108684227,0.229759578,0.208003676,0.216703909,0.224716468,0.251359178,0.216751887,0.103000815,0.224821979,0.327598506,0.258023541,-0.270621658,0.25787198,0.270680418,0.219244922
1,0.239467758,0.277717622,0.14377045,0.162636568,0.120169614,0.117317404,0.13688001,0.117312567,0.208890539,0.18400691,0.20609445,0.204732247,0.215401009,0.206094703,0.117759667,0.186352666,0.298424178,0.213458911,-0.186002084,0.369909034,0.275727481,0.276182792
1,0.212936242,0.1909029,0.120801901,0.156975522,0.116650704,0.157569512,0.158557022,0.157685728,0.31247769,0.272218654,0.351768219,0.303797588,0.247891245,0.351739453,0.146212697,0.114508751,0.194551398,0.151070583,-0.152735617,0.19561984,0.180511201,0.168067676
1,0.289931051,0.235486796,0.279331198,0.111310731,0.083266537,0.09565616,0.113708598,0.095652216,0.233961998,0.20213958,0.256973215,0.22492577,0.200572164,0.25697353,0.085110082,0.195380416,0.277713271,0.214308198,-0.225098468,0.300371336,0.238401148,0.217302171
1,0.360971874,0.302888178,0.197365758,0.133450284,0.101446972,0.121024124,0.135958351,0.121232571,0.161393676,0.149257444,0.170175796,0.155366333,0.145460038,0.170125221,0.120615165,0.237848901,0.299188172,0.249616755,-0.289635725,0.25125822,0.291068422,0.238469095
1,0.334231244,0.292749781,0.348357216,0.084934562,0.047026434,0.059366726,0.079452585,0.059562159,0.199457079,0.17527957,0.208338529,0.19066934,0.179631547,0.208385867,0.058359868,0.244031031,0.257398241,0.23061026,-0.279177147,0.240875958,0.281410769,0.186871897
1,0.351245821,0.305013275,0.177216812,0.112168149,0.089628928,0.095610582,0.107026271,0.095418066,0.181078468,0.164837162,0.185617106,0.172370921,0.162904757,0.185617334,0.079154349,0.229021586,0.279494645,0.200197008,-0.236725931,0.359210672,0.295651073,0.259539012
1,0.125746947,0.104400755,0.144247088,0.23533981,0.189969188,0.229960106,0.253656579,0.229950625,0.273857378,0.283294547,0.241166337,0.298051838,0.354019833,0.241145501,0.188032273,0.065460069,0.130425763,0.13028868,-0.067380821,0.203258099,0.167346801,0.240187698
1,0.162206062,0.140861599,0.183372571,0.26256735,0.201506034,0.269964592,0.262057328,0.269847472,0.2428023,0.254472551,0.216749556,0.268818526,0.304997671,0.216749822,0.180489693,0.090806436,0.132475531,0.150668996,-0.104276374,0.208035914,0.183828335,0.210540126
1,0.146010336,0.123077313,0.165221094,0.269646512,0.198542167,0.27737712,0.28780281,0.277272857,0.250188639,0.260376537,0.23018424,0.262934204,0.286654587,0.230184522,0.210584658,0.068076498,0.134190314,0.131110731,-0.072122673,0.171763173,0.16778825,0.229691474
1,0.156373113,0.320916872,0.175901093,0.254427866,0.175937504,0.255143788,0.269035174,0.255040728,0.251238938,0.299480012,0.232182397,0.244094972,0.270526982,0.232204701,0.205251887,0.08271677,0.103471669,0.132703042,-0.104156779,0.133920697,0.148645276,0.147774012
1,0.145581567,0.121493005,0.149849402,0.29580303,0.222222531,0.301576573,0.325767862,0.301564139,0.206422008,0.284812177,0.180146777,0.214783714,0.264851643,0.18012475,0.28792428,0.069864567,0.124162635,0.13184717,-0.096465441,0.175552215,0.152708706,0.166626611
1,0.086473032,0.073983301,0.097341086,0.282356272,0.204487839,0.290416345,0.317888289,0.29045815,0.242485449,0.272027549,0.216770817,0.264082343,0.335307535,0.216783878,0.328294872,0.02707035,0.088006907,0.076384249,-0.030113575,0.133674319,0.091400013,0.167628606
1,0.1108365,0.095857318,0.125519895,0.307677804,0.223205903,0.3155911,0.344100543,0.315645175,0.220595581,0.265326006,0.205145798,0.230521393,0.252526051,0.205130087,0.30678101,0.037802103,0.102470847,0.093566783,-0.043827569,0.131860053,0.117899585,0.180306064
1,0.193739131,0.163885057,0.201714289,0.221296546,0.272999028,0.222865387,0.191894387,0.222856198,0.183702817,0.179259134,0.183126069,0.165652854,0.178132265,0.183080739,0.224946368,0.245699678,0.283778131,0.237304847,-0.214288432,0.260297523,0.212777573,0.190768277
1,0.184933171,0.146599243,0.177372393,0.217736993,0.265502549,0.219538677,0.168637066,0.219529625,0.189093052,0.170719782,0.197236309,0.161795011,0.17003888,0.197192249,0.241384473,0.242328373,0.317277836,0.22695326,-0.181581853,0.180500907,0.25190784,0.272333682
1,0.186208798,0.147881574,0.194316057,0.207121062,0.225103011,0.202330962,0.171572189,0.202133179,0.221435519,0.203130335,0.224333023,0.211358244,0.205917821,0.224333299,0.140129287,0.253403381,0.311219111,0.22834406,-0.156183204,0.217323887,0.255086389,0.230943409
1,0.191242877,0.163594252,0.190555059,0.230297102,0.267298567,0.233396599,0.191848945,0.233574436,0.162760415,0.162406962,0.161238203,0.149440962,0.150235847,0.161238401,0.168177909,0.25658857,0.29981741,0.216150816,-0.234391378,0.238445444,0.279325081,0.244361198
1,0.102587418,0.085792939,0.112676191,0.319498751,0.371752534,0.349475632,0.226048412,0.349461223,0.193963669,0.177456205,0.194284748,0.139376259,0.137613116,0.194284986,0.315128077,0.118625947,0.171936483,0.124691675,-0.08263705,0.174471445,0.170640451,0.161063851
1,0.167483546,0.150573329,0.166536832,0.262321106,0.302698259,0.283253756,0.218217777,0.283082863,0.171936789,0.16453412,0.170469512,0.155676538,0.155410269,0.170431839,0.171351784,0.204454707,0.264357611,0.184643919,-0.185705528,0.246054618,0.254168174,0.234980258
1,0.196889841,0.156968234,0.221997398,0.188681514,0.219298318,0.177734352,0.177176759,0.177542469,0.226067918,0.243063303,0.179159453,0.188330474,0.259320309,0.179115761,0.138176194,0.216273058,0.316051623,0.230589444,-0.233450476,0.238482875,0.214222634,0.236313
1,0.166470302,0.133242794,0.144327673,0.171563691,0.207639785,0.156751896,0.166702451,0.156570689,0.265262571,0.275626519,0.196951013,0.215494941,0.325322786,0.196909677,0.101844278,0.212965954,0.298424229,0.224373406,-0.208478226,0.249940469,0.207473819,0.252989294
1,0.175166873,0.151552418,0.210559709,0.190525685,0.216433361,0.192352534,0.180910776,0.192526747,0.225735342,0.229981002,0.213742821,0.193980782,0.241590386,0.213786421,0.143898837,0.210590939,0.275182707,0.230441788,-0.221372803,0.227660938,0.245594622,0.256525944
1,0.164309591,0.133665142,0.168065965,0.189215502,0.245255239,0.188863997,0.176546982,0.18868421,0.238237486,0.246574301,0.228848713,0.206366943,0.240588951,0.228848994,0.130903743,0.194410801,0.308135146,0.228800981,-0.218810306,0.230376784,0.228668145,0.224183016
1,0.20709408,0.178720165,0.231580461,0.194204297,0.263119357,0.19332002,0.18985213,0.19331205,0.147233508,0.133342592,0.152842732,0.141466782,0.136580369,0.152895606,0.08933702,0.280194868,0.32252321,0.275529131,-0.286144577,0.225903386,0.228779237,0.277968998
1,0.132923576,0.13645268,0.143566442,0.238875373,0.333348049,0.230517221,0.216905553,0.23066357,0.166065285,0.164694355,0.175660074,0.149691873,0.146205712,0.175623207,0.170101328,0.171448474,0.273596421,0.19435309,-0.105031528,0.34117751,0.220254532,0.338286595
-1,0.406393288,0.309425815,0.225973947,0.096576058,0.04903216,0.095324117,0.095298659,0.095320187,0.191245748,0.173938274,0.207651779,0.181958315,0.151346948,0.207701124,0.035964123,0.296246959,0.253513004,0.239615686,-0.323522728,0.19611152,0.254539228,0.145911212
-1,0.403929845,0.304901313,0.50175934,0.104503735,0.048504329,0.105932117,0.097969742,0.10592775,0.095984576,0.091979891,0.101397037,0.094291482,0.081462684,0.101445723,0.030584718,0.300372749,0.205390429,0.236461966,-0.329523284,0.198556751,0.208676546,0.110505176
-1,0.4082948,0.305674963,0.47900166,0.107832064,0.044734186,0.115769577,0.105698012,0.115953039,0.144688804,0.144065557,0.159352818,0.143191094,0.116444152,0.159308226,0.048159026,0.236659757,0.217047209,0.218551332,-0.325556791,0.16660738,0.195507436,0.084095804
-1,0.305906309,0.24768746,0.180773773,0.251946453,0.176499716,0.272948774,0.251117149,0.27293752,0.153052985,0.136332759,0.169507956,0.146063765,0.120907835,0.169463987,0.069793052,0.213351483,0.180706576,0.24892331,-0.245042269,0.16855394,0.29539538,0.222642872
-1,0.380389088,0.285232763,0.447378605,0.165838777,0.090222915,0.179959588,0.162176392,0.180141992,0.145046541,0.156342525,0.159341795,0.13982022,0.115450484,0.159387155,0.05150044,0.237942512,0.184555657,0.226749222,-0.313095351,0.076769978,0.237458352,0.113183708
-1,0.375030096,0.3062975,0.470796373,0.139899891,0.087249339,0.153651712,0.131339342,0.153645377,0.131855678,0.129081834,0.142035517,0.127265041,0.104252267,0.142079368,0.054138274,0.23566132,0.250937517,0.219496914,-0.308468882,0.173286261,0.212286903,0.104396319
-1,0.223974239,0.19509985,0.270526243,0.143157983,0.170137399,0.118846849,0.136882041,0.119080587,0.122709351,0.11959765,0.113105087,0.11600386,0.12310991,0.113105225,0.029185326,0.376206891,0.257885298,0.33382314,-0.347157778,0.28820862,0.288906056,0.226206766
-1,0.225065801,0.169706074,0.261710292,0.146616207,0.173757898,0.124300612,0.147152496,0.124295487,0.136948271,0.12593004,0.131168686,0.143191838,0.141721603,0.131110859,0.029463784,0.385869359,0.235203335,0.349693538,-0.341203173,0.258692812,0.254105235,0.250864637
-1,0.232276357,0.174832533,0.25455283,0.144456055,0.174631624,0.125660504,0.150110826,0.125900265,0.136523937,0.126563268,0.130779225,0.137094988,0.127248642,0.130837665,0.032917459,0.387765849,0.243535449,0.347169266,-0.33491353,0.259689541,0.250453784,0.260124829
-1,0.230927258,0.20958575,0.253599618,0.141179704,0.168736926,0.124969086,0.155761353,0.124963933,0.148494627,0.133324904,0.148833368,0.155447862,0.141160737,0.14883355,0.039258857,0.359123481,0.239788477,0.33097992,-0.327368541,0.299434319,0.244665103,0.228180457
-1,0.231024957,0.181192318,0.279706639,0.1347068,0.171184329,0.115256063,0.144248121,0.115251311,0.13664731,0.127796135,0.139166371,0.138546562,0.12310687,0.139166542,0.027069728,0.372350618,0.25488663,0.337899134,-0.32958802,0.262231198,0.261719632,0.261219964
-1,0.23585879,0.192213151,0.283961495,0.142083299,0.173252498,0.123210013,0.156261573,0.123204933,0.1587255,0.146333698,0.151602096,0.153445922,0.146367932,0.151660101,0.028353267,0.378848997,0.229526251,0.3428741,-0.336371435,0.146492698,0.268886905,0.250532817
1,0.293102778,0.270065868,0.322558979,0.122908285,0.110096326,0.093816158,0.113284941,0.094043926,0.128843935,0.118787615,0.120367636,0.126925216,0.128931065,0.120367784,0.037120554,0.33360336,0.240211827,0.319426389,-0.34567146,0.252954697,0.313202194,0.181681727
1,0.286105456,0.223829209,0.34367235,0.120402068,0.109596524,0.105150519,0.129477429,0.105146184,0.137426621,0.127206566,0.138090648,0.136331444,0.136589106,0.138145681,0.031636131,0.335677796,0.242727367,0.32503143,-0.334827866,0.232137074,0.286554251,0.218476255
1,0.270447795,0.209314063,0.317012653,0.145014506,0.156076657,0.13398245,0.152666242,0.133976925,0.12019435,0.111414674,0.113289648,0.118602041,0.125120848,0.113289787,0.033235883,0.309176077,0.228103439,0.314996146,-0.287629324,0.290951672,0.343774377,0.249375452
1,0.262790482,0.209859644,0.325110888,0.140173063,0.149341995,0.129458021,0.147343491,0.129662154,0.202334764,0.19286945,0.197514524,0.203909182,0.203612578,0.197564606,0.035983108,0.288964919,0.19300989,0.294035457,-0.30173386,0.211758701,0.261781145,0.178413382
1,0.26678283,0.212765109,0.328120554,0.144562665,0.153630771,0.130589835,0.152875946,0.130368965,0.149397955,0.136457987,0.14612216,0.146995428,0.152024191,0.146071069,0.0387128,0.293832361,0.230218961,0.306273851,-0.282767324,0.257059176,0.318652665,0.251810174
1,0.281527985,0.225723317,0.349858789,0.127944,0.10710308,0.117631128,0.134695006,0.11740094,0.183020027,0.173337112,0.185775942,0.186883991,0.169885609,0.185722555,0.037695169,0.309174241,0.194185483,0.315417125,-0.32540526,0.13601594,0.274744941,0.208260797
-1,0.217198907,0.168777376,0.254113432,0.156564327,0.211206884,0.12398298,0.181103223,0.123977868,0.160602891,0.147604157,0.137024221,0.168052854,0.195960955,0.137024389,0.059655187,0.305785955,0.350609794,0.275014119,-0.287211109,0.234855972,0.248604262,0.283291942
-1,0.20010536,0.273855919,0.219120119,0.184270168,0.244017982,0.160186615,0.214507393,0.16018001,0.13957757,0.130045052,0.118733254,0.145294512,0.163187154,0.118684538,0.068071042,0.270459163,0.356454787,0.249236309,-0.24561167,0.234286673,0.240342169,0.306362596
-1,0.22964463,0.2573577,0.246282254,0.125655523,0.168835787,0.095202663,0.137264685,0.095435551,0.140242406,0.125122831,0.1127469,0.144993924,0.181215979,0.112747038,0.049069033,0.341737895,0.37060066,0.286454017,-0.304680375,0.174981201,0.269082436,0.300017312
-1,0.173537707,0.647924716,0.165088254,0.149645605,0.169720225,0.136053078,0.141756733,0.136047469,0.112222787,0.106819054,0.10450161,0.107327554,0.120464999,0.104501739,0.070124016,0.255080135,0.264425389,0.220363282,-0.264148937,0.15102767,0.213046467,0.127270163
-1,0.186011664,0.683152042,0.19376495,0.086504358,0.091127202,0.066148032,0.085663161,0.066145305,0.094375822,0.087148176,0.086354092,0.093554871,0.099255298,0.086308581,0.036654198,0.286094749,0.264934554,0.235301347,-0.280476713,0.123385205,0.227737712,0.157364912
-1,0.24295946,0.185766353,0.236293409,0.140527157,0.181311386,0.111392956,0.141265459,0.111642674,0.114109428,0.104728309,0.1011101,0.113399319,0.126016546,0.101170733,0.050263869,0.375724881,0.369251052,0.309877747,-0.392580959,0.210049014,0.268658993,0.183044538
-1,0.308072288,0.294836121,0.153588359,0.214718751,0.130533828,0.226308092,0.218882652,0.226115671,0.178447191,0.181382925,0.190021065,0.179134673,0.145656651,0.190064861,0.228601648,0.211465276,0.243423632,0.231430351,-0.292081504,0.161523439,0.234079373,0.122108214
-1,0.25377543,0.247356638,0.176592406,0.135508674,0.124556668,0.137848652,0.136602872,0.138017674,0.270364533,0.274887601,0.291309125,0.269904124,0.217018974,0.291309482,0.13576272,0.203334587,0.204850487,0.212480521,-0.262795716,0.117556618,0.256255369,0.137387837
-1,0.333775476,0.296284236,0.183320348,0.182070424,0.136198672,0.189705822,0.168402606,0.189889036,0.198994724,0.195191889,0.218721515,0.195769704,0.162438147,0.218721783,0.097213584,0.218124689,0.21562316,0.241291272,-0.272272905,0.136292717,0.29358064,0.19070237
-1,0.212003463,0.214102523,0.11593147,0.33445821,0.276684135,0.272445668,0.247792246,0.272579967,0.127183106,0.144740023,0.131719189,0.12285654,0.109784114,0.13171935,0.438412784,0.155198356,0.155089066,0.176401536,-0.227234065,0.127235168,0.215253395,0.113307863
-1,0.284526453,0.417690287,0.137879143,0.21465436,0.163177134,0.190546986,0.202105558,0.190367472,0.149234951,0.160720307,0.154997738,0.140240511,0.123355762,0.154957085,0.348589009,0.19469836,0.202524007,0.204347663,-0.266343892,0.196486879,0.202622838,0.125104001
-1,0.356847939,0.318596294,0.166969136,0.191332808,0.142370155,0.176734268,0.191104671,0.176726982,0.142455085,0.14740279,0.146244852,0.143384195,0.124073168,0.146245031,0.246916261,0.25256337,0.241647199,0.245252469,-0.262960363,0.210080463,0.281661556,0.175353155
-1,0.303434968,0.230165914,0.31748569,0.175963655,0.193670064,0.127242059,0.220803484,0.126978084,0.193589643,0.198919117,0.207072243,0.241452262,0.104087994,0.207056165,0.114914127,0.198276132,0.176531568,0.172222391,-0.253068686,0.009583678,0.067051791,0.049434431
-1,0.272447497,0.191469163,0.341571271,0.169767037,0.167222112,0.125014901,0.217360616,0.124784909,0.219795927,0.23855567,0.238027245,0.281506181,0.13635841,0.23807697,0.084540829,0.142361701,0.154410467,0.122980982,-0.195529968,0.007102304,0.037238013,0.053913213
-1,0.255247623,0.176631525,0.324160725,0.210864276,0.225196898,0.172650844,0.264707357,0.172651634,0.206127316,0.193361297,0.24128063,0.271457195,0.119198173,0.241301477,0.07345549,0.133370891,0.129113153,0.107021511,-0.176694885,-0.075311333,0.012497458,0.056975406
-1,0.373483032,0.269208431,0.468754679,0.096712224,0.095517956,0.059399907,0.098005682,0.059519742,0.073215894,0.064117536,0.09005376,0.071026757,0.032627735,0.090074494,0.056729436,0.336996287,0.358416796,0.255456179,-0.372463912,0.100639619,0.099782862,0.069278806
-1,0.289876729,0.212976977,0.366351962,0.134688795,0.210104167,0.101730436,0.152967051,0.101816431,0.092723057,0.089329109,0.113543935,0.100762486,0.060231313,0.113564596,0.081562482,0.246060625,0.316026837,0.214705184,-0.313857555,0.196798757,0.125703022,0.072485037
-1,0.288617134,0.210778162,0.362509042,0.137777999,0.197026208,0.109649234,0.147209898,0.109724976,0.12761797,0.119411908,0.151745528,0.127056912,0.079164557,0.15176633,0.077284887,0.23786369,0.287982702,0.207141042,-0.290486306,0.149408862,0.137457192,0.08741492
-1,0.427482784,0.32045269,0.537650943,0.091562279,0.051804546,0.041631315,0.074165598,0.041770551,0.053203471,0.048531786,0.079901472,0.04950266,0.021658465,0.079922222,0.058418527,0.378997475,0.303123593,0.231187478,-0.449727923,-0.012210188,0.145816863,-0.011299502
-1,0.414495379,0.380176961,0.393060297,0.110565588,0.09569376,0.060866818,0.098840088,0.060761392,0.064433508,0.05200614,0.089069724,0.064377792,0.033581514,0.089090437,0.071422398,0.341247261,0.341086507,0.211949497,-0.357611179,0.042037312,0.1435958,0.099964567
-1,0.368798763,0.303372622,0.319672436,0.16047141,0.084371954,0.088427141,0.144164085,0.08847706,0.133859441,0.153850988,0.126328319,0.124297865,0.138549522,0.126311839,0.147053346,0.193911344,0.266667843,0.113660596,-0.186819836,0.156843334,0.129919231,0.187122211
-1,0.318112612,0.223990649,0.290448993,0.137308568,0.093606353,0.100368559,0.134694785,0.100260779,0.214716747,0.222423747,0.200071961,0.235097751,0.242812812,0.200093001,0.136707604,0.140778542,0.239876598,0.115375116,-0.202217385,0.044217031,0.098342121,0.085243315
-1,0.347909898,0.257989615,0.426710874,0.168925837,0.117257074,0.125705555,0.145453349,0.125597388,0.1679544,0.14893195,0.153261885,0.165582791,0.193796903,0.153318986,0.163190976,0.160102263,0.268034041,0.132372558,-0.241589591,0.068545386,0.111189179,0.079616733
-1,0.377479285,0.274164498,0.331510335,0.092590883,0.052124299,0.063013487,0.083137214,0.063071325,0.206245542,0.181668729,0.225647062,0.198075339,0.209950089,0.225706846,0.077344447,0.222976878,0.273087919,0.144079372,-0.244329602,0.018323829,0.133397236,0.064658299
-1,0.396816403,0.282888383,0.351241708,0.108329967,0.057694592,0.068632178,0.09460476,0.068526626,0.208766028,0.184421718,0.232990623,0.202917308,0.188007802,0.233052105,0.107163548,0.212477952,0.249110729,0.156096816,-0.288203239,-0.019705439,0.111023337,0.045232724
-1,0.295053929,0.293552518,0.333902866,0.151035145,0.176141456,0.115039773,0.152279288,0.11493291,0.177278712,0.191886932,0.17391485,0.175298423,0.184115365,0.173975721,0.155513793,0.225836158,0.239067242,0.168617323,-0.297621638,0.001996245,0.135152042,0.007310663
-1,0.434040993,0.388360798,0.382299632,0.08606635,0.040426183,0.060352176,0.078461073,0.060025051,0.080220282,0.080172338,0.086459525,0.079200074,0.061397098,0.086480163,0.060476828,0.345866293,0.279871374,0.214560851,-0.442813039,0.122321948,0.143253341,-0.070066966
-1,0.444867522,0.34701857,0.375114411,0.156281739,0.091624513,0.139057413,0.128388524,0.139168635,0.085090138,0.084989645,0.089220554,0.084161423,0.073722884,0.089293227,0.090459816,0.339278489,0.25328362,0.23157528,-0.415589452,0.035057366,0.106718928,-0.036612242
1,0.208888471,0.195029855,0.254655093,0.135719389,0.116184562,0.153263897,0.149157166,0.153360128,0.153864324,0.139911786,0.122030616,0.150491372,0.18343626,0.122010149,0.002296308,0.343414843,0.231618062,0.35954991,-0.285813928,0.43118301,0.339359045,0.321717769
1,0.205129892,0.201258302,0.249484599,0.106176086,0.11531356,0.117411062,0.12591286,0.117508471,0.165599287,0.150160909,0.132301196,0.16799216,0.19655408,0.132229462,-0.011261823,0.388306469,0.251829296,0.353446543,-0.265800297,0.424813122,0.308351249,0.333476752
1,0.203654066,0.189778626,0.246777818,0.099713229,0.114337124,0.111026905,0.111653373,0.110916466,0.158198044,0.145118341,0.122320227,0.1575308,0.195333913,0.122299738,-0.010461923,0.392627418,0.180150419,0.349356085,-0.293287307,0.415107846,0.412759244,0.282952428
-1,0.450462341,0.321803153,0.560893357,0.112091422,0.032417528,0.097588897,0.109551162,0.097686753,0.100770012,0.091765404,0.133281171,0.110923991,0.04416896,0.133351013,0.052015159,0.285945743,0.200405255,0.232158199,-0.370068341,0.026813947,0.148911014,-0.011781036
-1,0.45866403,0.321250916,0.564466834,0.10233295,0.035998587,0.085099578,0.100342453,0.085203983,0.084802493,0.080112047,0.106936216,0.092692323,0.038119432,0.106957011,0.038648516,0.318492979,0.197151229,0.244849384,-0.373776168,0.01060605,0.166112199,0.004882345
1,0.247742206,0.223077655,0.290652871,0.130392998,0.112155832,0.146568716,0.148956656,0.146665722,0.196267754,0.185477063,0.182562962,0.185768887,0.207340986,0.182494774,0.023223381,0.267658353,0.151452333,0.303691834,-0.255258471,0.327735096,0.397062272,0.32429114
1,0.245601982,0.218013614,0.294942051,0.122480854,0.111084916,0.137184441,0.141129866,0.137085423,0.193838045,0.174986035,0.175167844,0.184587792,0.215489194,0.175101012,0.018715851,0.266285777,0.22592549,0.290944368,-0.224531144,0.389512032,0.373883575,0.347682327
1,0.259761304,0.228764936,0.308328748,0.100988016,0.107600719,0.110795125,0.122022204,0.110892914,0.171443194,0.156446397,0.146303564,0.170655653,0.198630229,0.146235108,0.007241571,0.300422996,0.222172379,0.297663212,-0.245061472,0.320348293,0.388701767,0.320513636
1,0.258044928,0.23325263,0.297620893,0.105961405,0.107522607,0.115458876,0.123079367,0.115357153,0.176926911,0.162465155,0.156106502,0.168108925,0.196722522,0.156133592,0.008436033,0.295824885,0.218075857,0.298589796,-0.241625741,0.331817955,0.392090678,0.333705276
1,0.252523243,0.234079525,0.293929666,0.107411265,0.111115746,0.119589403,0.126346767,0.119492181,0.182613567,0.16522707,0.161365151,0.177282065,0.206496388,0.16139105,0.007787876,0.283468306,0.231073365,0.290148228,-0.24098587,0.356709898,0.388583332,0.324484318
1,0.08466132,0.100580461,0.086566359,0.193809569,0.226503357,0.129462868,0.145221233,0.129788846,0.208070233,0.193828553,0.185419843,0.171635792,0.24846448,0.185345098,0.011074857,0.334639758,0.311535895,0.378258735,-0.257202566,0.55109936,0.387590706,0.384755969
1,0.07862559,0.100491628,0.082693599,0.188710824,0.220420554,0.137475207,0.149142534,0.137353152,0.244174331,0.225319922,0.228384256,0.197446913,0.271130621,0.228415728,0.011008964,0.32400316,0.307729512,0.375194341,-0.252947748,0.525633872,0.352216005,0.345685989
1,0.077780955,0.095977344,0.06666328,0.191911548,0.268241823,0.129266784,0.148378223,0.129364774,0.228621557,0.21219267,0.209762409,0.186183259,0.261156708,0.20974192,0.010165486,0.31649527,0.276117563,0.36321485,-0.24863404,0.564740598,0.417700201,0.346268922
1,0.074370876,0.096440621,0.069755554,0.200470433,0.26056546,0.147216633,0.152956322,0.147313595,0.258538842,0.240767956,0.240354076,0.214691535,0.286311358,0.240333825,0.009659316,0.309264213,0.218599021,0.36149922,-0.24320811,0.526019633,0.383390218,0.391618073
-1,0.311937571,0.229475275,0.391726404,0.202527419,0.235778436,0.144011945,0.22600168,0.143721476,0.122294053,0.120764829,0.156337976,0.120503955,0.064182222,0.156401455,0.070967764,0.229985878,0.261131883,0.211694166,-0.274190634,-0.013944313,0.067807317,0.126086518
-1,0.299060166,0.208120763,0.377267092,0.213865086,0.248755589,0.15181075,0.229331687,0.151537374,0.136763513,0.13856779,0.175617546,0.144008934,0.078386463,0.175677538,0.073082149,0.207721993,0.248925522,0.185595706,-0.245531678,-0.017035857,0.053116266,0.12410906
-1,0.298971623,0.212149858,0.374369025,0.187430367,0.208136201,0.127989098,0.215464815,0.127880573,0.167002052,0.154678971,0.20296514,0.174177811,0.103172444,0.203025401,0.063070603,0.212996513,0.240422621,0.18709448,-0.248544097,-0.00319173,0.043797918,0.112792939
-1,0.321256757,0.22403802,0.398453712,0.206838071,0.23086676,0.132848844,0.22540307,0.132918462,0.114311151,0.124715105,0.141920462,0.11931514,0.067009926,0.141983882,0.057647776,0.242875099,0.258860201,0.205335826,-0.263977587,0.038623728,0.048920438,0.130514875
1,0.241515473,0.244805723,0.069428794,0.136110038,0.11764916,0.143617749,0.141493902,0.143939346,0.221028149,0.205626562,0.190219373,0.232960224,0.244383812,0.190198854,0.036293443,0.337039977,0.191380739,0.34224388,-0.28047362,0.301226616,0.433272779,0.346006334
-1,0.311127514,0.215887368,0.288559318,0.223794594,0.194299564,0.219369262,0.153087273,0.21925728,0.214179724,0.194830135,0.271462053,0.144931197,0.10438329,0.271450669,0.205366418,0.168657675,0.190928608,0.122376621,-0.264995188,-0.104658447,0.029076312,-0.062433105
-1,0.330546767,0.227808416,0.299113333,0.160440937,0.11085292,0.161773324,0.118783176,0.161517859,0.239905089,0.227074072,0.31900686,0.16855371,0.138160765,0.318992704,0.119269364,0.194707066,0.196345791,0.136771917,-0.29377085,-0.120136492,0.043967184,-0.08790338
-1,0.3385396,0.242105901,0.429284185,0.142292932,0.131147578,0.115573145,0.136996821,0.115466237,0.126849085,0.114769429,0.175630495,0.109682694,0.065938532,0.175602436,0.046146374,0.315982372,0.243542492,0.248862073,-0.333089113,0.010671304,0.122801572,0.085815944
-1,0.309959441,0.237277701,0.389830112,0.115605883,0.098859742,0.094189242,0.111077681,0.094081983,0.196813762,0.17567426,0.261236668,0.178053513,0.105736703,0.261216879,0.062169723,0.243149742,0.228371009,0.189321503,-0.309691072,0.104993202,0.060418114,-0.014721951
-1,0.344053149,0.243586659,0.435471147,0.136103451,0.137255594,0.098906986,0.140550762,0.098585315,0.113272354,0.104490839,0.159810916,0.098339058,0.052488789,0.159831658,0.043463025,0.330585778,0.246628508,0.258606285,-0.34472093,0.074855052,0.078226261,0.080309339
-1,0.279435277,0.189599544,0.341379464,0.162698269,0.208339319,0.146421313,0.166516885,0.146476537,0.18633531,0.173846349,0.230573848,0.18948409,0.108822048,0.230633602,0.102500677,0.189874783,0.241882801,0.171846226,-0.248782381,-0.078354247,0.109426782,0.106211074
-1,0.289856136,0.197867677,0.359773755,0.181329697,0.231457487,0.183331504,0.160331935,0.183042541,0.149146616,0.146611258,0.192752585,0.143517047,0.07162331,0.192816213,0.109724678,0.212194011,0.276087314,0.194397345,-0.291182786,-0.012092983,0.08906389,0.062306434
-1,0.314670324,0.213858381,0.395366907,0.172822326,0.217525825,0.163212761,0.168795377,0.163103878,0.118211299,0.107967541,0.158779293,0.114716187,0.052024834,0.15884681,0.087172322,0.245735779,0.294960648,0.226444617,-0.309750021,-0.058339354,0.134933576,0.097601958
-1,0.332983255,0.221081913,0.40358296,0.134002045,0.148599699,0.121046513,0.135674983,0.121162362,0.125148371,0.117884047,0.169522405,0.127073273,0.052763801,0.169543177,0.074002944,0.300896764,0.346447647,0.258338422,-0.392009884,-0.121909171,0.123932846,0.023126034
-1,0.400330633,0.285334259,0.470960498,0.085024647,0.014863019,0.065269284,0.084184542,0.064998835,0.180212915,0.156945884,0.216692388,0.198632091,0.112956345,0.216713339,0.149204627,0.164766565,0.263176233,0.163161248,-0.298740298,0.072658069,0.155741796,-0.013776088
-1,0.404655814,0.294601858,0.453386486,0.064016171,0.017485918,0.039398283,0.062198188,0.039122418,0.182182848,0.161331967,0.220803395,0.198811412,0.112874083,0.220824346,0.171324357,0.167477623,0.278411508,0.165605888,-0.334294558,0.101218812,0.122779876,-0.064197488
-1,0.333430171,0.245806813,0.294740885,0.06699571,0.026464121,0.045742456,0.058978725,0.045507785,0.261629313,0.264303237,0.310483366,0.276717156,0.172737733,0.310473949,0.169643626,0.115763716,0.208400622,0.113900445,-0.251061916,-0.007470703,0.081810124,-0.065325275
-1,0.310640156,0.22818017,0.290343791,0.116993748,0.046621718,0.09072195,0.120976746,0.090615429,0.230639338,0.23014228,0.269830823,0.250621974,0.165991321,0.269823998,0.305323005,0.085451491,0.208125561,0.096810915,-0.202586472,0.032524239,0.084047042,-0.003031939
-1,0.365610212,0.258075804,0.460433096,0.106719665,0.060756791,0.086766303,0.096885495,0.086660586,0.215436712,0.203541726,0.264081925,0.215040207,0.13801831,0.26414448,0.11300499,0.200409219,0.217172861,0.176884934,-0.321996272,-0.133484393,0.097288154,-0.018042069
-1,0.332973748,0.224599674,0.312190711,0.064341262,0.039241552,0.038396269,0.06041567,0.038437471,0.263045073,0.302273273,0.312484026,0.282440126,0.185049027,0.312540084,0.067959316,0.185553864,0.17850709,0.126067773,-0.287209481,-0.079310589,0.037033252,-0.073386155
-1,0.400840849,0.283931613,0.333596736,0.086528853,0.026718069,0.067868568,0.074708775,0.067572027,0.206793383,0.170994207,0.247882113,0.216700047,0.135561571,0.247857571,0.064310476,0.257952213,0.260431081,0.19112125,-0.357637256,-0.019391386,0.097124763,-0.0292146
-1,0.403852165,0.275260329,0.505071342,0.091806151,0.028020225,0.07242991,0.076949701,0.072127067,0.177803829,0.156217262,0.217442751,0.170885608,0.121965475,0.217463717,0.074174315,0.255520523,0.236138478,0.192427069,-0.361415803,-0.024607453,0.121927895,-0.021872865
-1,0.238787726,0.155097097,0.284374595,0.251402944,0.241731003,0.253657848,0.217947155,0.253459692,0.155610323,0.16194874,0.186619267,0.151550591,0.120146401,0.186640263,0.422680557,0.067236304,0.151735529,0.045498252,-0.155591503,-0.103583924,-0.005197699,-0.019567179
-1,0.256068915,0.173343748,0.274232537,0.234740213,0.223135352,0.22886385,0.237859607,0.228852436,0.172051847,0.170740142,0.197233975,0.169898942,0.131438285,0.19725503,0.354414076,0.094090447,0.176877573,0.058241855,-0.178662479,-0.046094198,0.016719157,0.000958358
-1,0.479484886,0.331384689,0.406332016,0.081293978,0.061245739,0.03833944,0.069700316,0.038234681,0.049839392,0.051979348,0.063835919,0.048792239,0.016180011,0.063918985,0.055227682,0.425672621,0.213777095,0.291654795,-0.49993822,-0.088295937,0.162632018,-0.033524916
-1,0.47335884,0.32956931,0.542633712,0.048753779,-0.004338294,0.012743455,0.037589997,0.012894521,0.035336323,0.034526579,0.050077077,0.032156292,-0.004764249,0.050037831,0.035716847,0.432729006,0.182914078,0.262238532,-0.495800406,-0.016185198,0.158879638,-0.07213714
-1,0.443600118,0.313388109,0.532370508,0.073258594,0.048071582,0.037426662,0.05691494,0.037560269,0.057258751,0.05797188,0.07686957,0.060809121,0.008889559,0.076833762,0.056914169,0.391073883,0.234743789,0.253638655,-0.462361008,0.056255195,0.130689472,-0.05366122
-1,0.459952086,0.322779864,0.566459954,0.038890999,-0.007209145,0.004197595,0.02809098,0.004094446,0.033729803,0.032934964,0.05513804,0.035246175,-0.003303772,0.055216633,0.034210112,0.431484818,0.219244629,0.240843669,-0.468597412,0.027129414,0.153698549,-0.059413929
-1,0.460840732,0.318696827,0.544931471,0.042959992,-0.005879976,0.010527254,0.032643281,0.010425447,0.032261856,0.031216882,0.045430217,0.028884284,0.006314851,0.045391813,0.034922749,0.444057673,0.209392697,0.246980906,-0.46383664,0.000307357,0.182935178,-0.043686163
-1,0.484479368,0.354590893,0.575016201,0.143732816,0.072360605,0.139968559,0.123381205,0.140052468,0.058687359,0.053139631,0.083273232,0.061741415,0.008409274,0.08329387,0.051880222,0.274567991,0.229845822,0.194749936,-0.344921082,0.046595108,0.133758575,-0.009908741
-1,0.354081839,0.572125077,0.312971234,0.205430791,0.167076528,0.15194045,0.149961308,0.151669443,0.049876414,0.090274252,0.057529967,0.024502676,-0.011223405,0.057589896,0.294757307,0.233174473,0.18136397,0.137346551,-0.255834669,0.015802048,0.112227954,0.051739529
-1,0.404335171,0.60840708,0.342617691,0.126555294,0.073916934,0.079693943,0.082463056,0.079587869,0.043710403,0.05363762,0.049246524,0.030651757,0.010652719,0.049267128,0.103311196,0.308866769,0.237236515,0.173022971,-0.351839244,0.074227676,0.153052747,-0.016474327
-1,0.398067117,0.565659821,0.341524482,0.134991795,0.060605135,0.083471887,0.09938968,0.083191998,0.051144928,0.061340209,0.060087871,0.046337396,0.026571443,0.060066793,0.107387908,0.272368222,0.231720716,0.157715499,-0.266801298,0.141804531,0.15824315,0.081663668
-1,0.421650022,0.58109957,0.354783058,0.114101395,0.066678487,0.041665778,0.068865515,0.041744709,0.025657071,0.034229979,0.046307217,0.025630668,-0.00877855,0.046328116,0.062734455,0.278140008,0.234757558,0.161328092,-0.289239764,0.18056576,0.156160116,0.062453527
-1,0.516617,0.371774048,0.397608459,0.109303325,0.032148819,0.032487858,0.039693721,0.032384463,0.036569498,0.039998464,0.063840054,0.020306835,-0.005685583,0.063908674,0.057369575,0.301797837,0.254254252,0.157524019,-0.339676887,0.218504369,0.198489398,0.053594403
-1,0.340102047,0.605988145,0.361564934,0.145547539,0.147454858,0.083939075,0.13012597,0.083833538,0.072104886,0.095108338,0.073311873,0.064144693,0.035293058,0.073375605,0.136276439,0.266649008,0.235785961,0.163894564,-0.335260719,0.05685148,0.134346649,-0.051059447
-1,0.468584538,0.367666185,0.388482511,0.139486194,0.090496369,0.091329865,0.106241271,0.091440789,0.032782972,0.040849566,0.04814839,0.025674691,0.004012129,0.048220813,0.089391232,0.356175303,0.235862225,0.202226087,-0.317070544,0.119337343,0.188711524,0.090123489
-1,0.3326298,0.279868215,0.335705698,0.160692945,0.125485167,0.149883956,0.1533373,0.149774969,0.207885161,0.21616593,0.260553688,0.194888771,0.12841256,0.260574609,0.106969155,0.178115517,0.233354256,0.157622978,-0.280546755,-0.077232443,0.054439113,0.005609503
-1,0.379509091,0.323240787,0.367363483,0.154960021,0.126234353,0.132018134,0.159277618,0.132111102,0.148721471,0.133835971,0.177815005,0.165016681,0.100586124,0.177788168,0.119643323,0.221280366,0.335555226,0.212378994,-0.337294102,-0.122084349,0.071674041,0.042247809
-1,0.41477564,0.314273655,0.356224179,0.176981941,0.117656142,0.166596606,0.164202124,0.166487515,0.143938571,0.133376434,0.176850617,0.161340296,0.094938375,0.176871479,0.115214944,0.21319665,0.30154106,0.19950676,-0.338327885,-0.096282326,0.08111845,0.010928
-1,0.375250101,0.258076161,0.43546176,0.15852809,0.150609151,0.137603045,0.123612233,0.137721568,0.057480671,0.051854745,0.078797251,0.055660449,0.017597191,0.078871936,0.120809346,0.326873004,0.28454873,0.241222635,-0.400598735,0.035576142,0.187043816,0.015513096
-1,0.302334309,0.211472571,0.382209748,0.110179432,0.094596617,0.077568084,0.120277017,0.077293426,0.198258415,0.188504055,0.231733307,0.209438547,0.146684915,0.231793851,0.137497067,0.180309072,0.294281125,0.157108173,-0.286606044,0.078925841,0.113141276,0.014219186
-1,0.29853642,0.210533708,0.376657367,0.091588512,0.086673304,0.059517004,0.096995011,0.059571031,0.230531871,0.208478928,0.236154407,0.233547553,0.21007897,0.236137584,0.120286554,0.183896288,0.277673841,0.146657795,-0.241539016,0.044768881,0.084646761,0.032247979
-1,0.437734485,0.315934807,0.471572489,0.081677012,0.018691525,0.050604038,0.074766286,0.050500017,0.170391262,0.144148454,0.222270668,0.165803775,0.095874086,0.222291619,0.10354951,0.198929399,0.285823762,0.152644396,-0.306312472,0.081702545,0.108291961,0.005514944
-1,0.509054899,0.383357227,0.389957756,0.103829525,0.036868043,0.075987279,0.096999615,0.076095395,0.097869277,0.091184989,0.13537921,0.096252941,0.040777016,0.13534905,0.139043808,0.241402656,0.307409853,0.187849,-0.37100175,0.032573957,0.160932511,0.026691284
-1,0.482069254,0.373277128,0.54132539,0.055265084,-0.017550848,0.014311349,0.040503997,0.014404532,0.135936886,0.117222525,0.173482358,0.131543487,0.074959062,0.173550114,0.076787286,0.24754627,0.265506268,0.168854311,-0.360577971,0.022192977,0.151319966,-0.02491154
-1,0.499222755,0.385468155,0.369928271,0.082529552,0.025047595,0.050558873,0.068053924,0.050267976,0.117537037,0.106836013,0.150877923,0.113282137,0.058232326,0.150898755,0.097555786,0.232623205,0.287611097,0.138500839,-0.318015009,0.140552297,0.165485218,0.047770169
-1,0.273726195,0.18472904,0.336972594,0.205735743,0.125341237,0.184843242,0.21479322,0.184732422,0.210408315,0.225342363,0.206426397,0.238982096,0.249303922,0.206426203,0.206493393,0.068974517,0.13866663,0.068549849,-0.148657992,-0.01543386,0.037207101,0.028393779
-1,0.310331911,0.221346304,0.376054376,0.232973784,0.136933297,0.224999428,0.223198429,0.224781707,0.179208621,0.196427479,0.181885049,0.209789485,0.200335279,0.181905955,0.198906124,0.094319761,0.140728906,0.088926144,-0.185434863,-0.010652859,0.053664569,-0.001242126
-1,0.293608487,0.201914072,0.34259063,0.266033739,0.157670647,0.256447911,0.286710501,0.25633499,0.142943799,0.226856411,0.145404711,0.155723795,0.160184234,0.145403296,0.306324333,0.073399797,0.13236177,0.070109069,-0.177614778,-0.04312345,0.022567669,-0.045156937
-1,0.234632552,0.154420644,0.289805889,0.252646893,0.13993454,0.245353445,0.278813183,0.245294616,0.178891808,0.214072749,0.181906328,0.205030024,0.230697095,0.181940109,0.346888572,0.030614348,0.096213467,0.014663879,-0.111356705,-0.085013837,-0.038758345,-0.044146378
-1,0.258855343,0.176180661,0.31815064,0.277896762,0.158648357,0.270414114,0.305136979,0.270367205,0.157106116,0.20734556,0.170302913,0.171368644,0.147901118,0.170307815,0.325299084,0.04133394,0.110718131,0.031861763,-0.125000983,-0.086814485,-0.012245554,-0.031489458
-1,0.342024297,0.244274408,0.394273907,0.191607445,0.2084824,0.177741095,0.152994752,0.177630976,0.1201462,0.121180281,0.14838846,0.106592074,0.073447675,0.148363754,0.243355587,0.249204621,0.29191184,0.175522327,-0.295438588,0.04159857,0.08264786,-0.021016007
-1,0.333189428,0.227074668,0.370083213,0.188030183,0.20094429,0.174420759,0.129651189,0.174311012,0.125524521,0.112694733,0.162441283,0.102725282,0.065351821,0.162418008,0.259699494,0.245854273,0.325612247,0.165219262,-0.262698621,-0.038201444,0.121721357,0.060569495
-1,0.250650942,0.166160211,0.305224031,0.289747417,0.30717054,0.30440408,0.187042594,0.30428794,0.1304093,0.119385809,0.159508705,0.080303334,0.032933608,0.159529448,0.333686531,0.122122101,0.180085659,0.062990069,-0.163847372,-0.044209063,0.040496558,-0.050721366
-1,0.315643638,0.231035277,0.359280944,0.23272866,0.238151446,0.238234416,0.179196104,0.237964049,0.108450562,0.106533095,0.135674939,0.096565284,0.050728716,0.135657772,0.189713985,0.208055943,0.272452354,0.122884333,-0.266809314,0.027365085,0.123976648,0.023192253
-1,0.345181108,0.237399057,0.414399475,0.159047812,0.154760852,0.132661149,0.138244152,0.132366434,0.162544772,0.184960485,0.14441438,0.129193217,0.15468286,0.144391268,0.156617433,0.219904482,0.324379236,0.168833598,-0.314718753,0.019788083,0.084082618,0.024522442
-1,0.314623922,0.213718832,0.337053418,0.141947776,0.143102974,0.111719362,0.127709612,0.111438803,0.201768696,0.217678294,0.162157848,0.156431571,0.220733956,0.162137285,0.12021549,0.216594592,0.306640953,0.162656307,-0.289601505,0.031260345,0.077352375,0.041198898
-1,0.355388761,0.259024233,0.423915029,0.164534926,0.198546067,0.148323596,0.15095742,0.148214564,0.083719626,0.075314738,0.118025541,0.082384676,0.031908736,0.118098579,0.107780516,0.283617049,0.330884099,0.213898361,-0.367524892,0.007211011,0.098637179,0.066172108
-1,0.280907512,0.216935322,0.336289555,0.209288612,0.268646181,0.185402095,0.177884534,0.185447544,0.102572285,0.106693275,0.140899092,0.090560183,0.04151576,0.14088276,0.188457608,0.174921155,0.281696498,0.132617816,-0.186192617,0.12244422,0.090077788,0.126456141
1,0.255752265,0.224598333,0.309211135,0.134148598,0.11309769,0.151040748,0.136928394,0.151137218,0.159525111,0.150076136,0.136195287,0.153439954,0.186085016,0.13622354,0.012179385,0.296771377,0.197169051,0.29812175,-0.248275429,0.417068243,0.338993102,0.322385639
1,0.260096043,0.225370497,0.286332279,0.137499645,0.109348409,0.16083318,0.14469856,0.161115855,0.208274633,0.202135757,0.194128007,0.202322155,0.221218631,0.194062397,0.029749287,0.233181834,0.20889309,0.280143321,-0.244333744,0.385361135,0.325767368,0.295812815
1,0.157828912,0.16726394,-0.011791316,0.281480491,0.24109818,0.318071663,0.289971828,0.318161964,0.216665298,0.194354445,0.204345956,0.205211505,0.225676447,0.204281002,0.05138113,0.209883854,0.172428206,0.310660511,-0.163812697,0.387294263,0.425305516,0.434141994
1,0.227007702,0.225991666,0.278109848,0.169510782,0.151884168,0.198714286,0.17024143,0.198809579,0.195365816,0.187065899,0.176760525,0.186305955,0.209001064,0.176783726,0.035723839,0.232187882,0.242723912,0.281090409,-0.227331534,0.39199239,0.342612803,0.316239208
1,0.076982133,0.089285091,0.069125392,0.17620264,0.238372549,0.169310912,0.186043054,0.169406295,0.200490639,0.183903888,0.165939987,0.202322885,0.246387377,0.165862039,0.011053896,0.382414043,0.227066115,0.411273986,-0.259891272,0.47708708,0.384321392,0.462307364
1,0.082932808,0.100819223,0.087128162,0.164348841,0.235813171,0.160322934,0.183130473,0.1604186,0.200187773,0.185775444,0.173898116,0.197648451,0.227869734,0.173877731,0.008665285,0.368966758,0.246648297,0.399571955,-0.248339757,0.480644703,0.391881943,0.472689629
-1,0.44089359,0.350648135,0.515170753,0.093223616,0.045516942,0.048777413,0.074339241,0.048903596,0.065316826,0.060768798,0.085566767,0.067804277,0.024241878,0.085587382,0.055513732,0.337307632,0.248403937,0.257629871,-0.426647693,0.03425457,0.182988778,-0.030103423
-1,0.433926672,0.304201812,0.536573112,0.090714596,0.04501237,0.06011698,0.090495296,0.060011297,0.073905379,0.069142692,0.103328481,0.077255502,0.031917453,0.103404455,0.050048534,0.339388609,0.250904143,0.263210982,-0.415878117,0.013450827,0.156444877,0.006691878
-1,0.418365866,0.289609313,0.509556353,0.11535532,0.091462597,0.08890152,0.113723844,0.088795424,0.056668177,0.053357072,0.078522384,0.059520181,0.020432778,0.078543201,0.051633939,0.312750161,0.236368641,0.2532233,-0.369003832,0.072249599,0.21371296,0.03759947
1,0.051988501,0.193440378,0.026567226,0.214010075,0.308608025,0.205288708,0.253398836,0.205383644,0.203135997,0.188033134,0.153576404,0.204437926,0.267750382,0.153507262,0.049674306,0.266804427,0.348423153,0.310975611,-0.164378375,0.452633411,0.370635182,0.518237412
1,0.037916724,0.603789508,0.001200859,0.116149649,0.155748054,0.111225292,0.124566652,0.111323044,0.157925919,0.145240068,0.12110991,0.152705655,0.20397833,0.121044032,0.018252522,0.282437176,0.256637603,0.296954721,-0.19926928,0.342254937,0.358068496,0.369303077
1,0.0948309,0.105412498,0.04372007,0.170134842,0.245880008,0.156482279,0.180144012,0.15683122,0.177560821,0.162765518,0.135906383,0.172441095,0.230769277,0.135946676,0.031868007,0.372326285,0.361209661,0.371735632,-0.311387599,0.428484172,0.398768365,0.394824088
1,0.185608506,0.215981364,-0.009239322,0.211803645,0.200802296,0.234811902,0.207412317,0.235094696,0.262414575,0.253174335,0.253457189,0.254802704,0.267003119,0.253436923,0.078835249,0.214672625,0.20746237,0.302979589,-0.191015661,0.355171621,0.423502475,0.402422339
1,0.208808184,0.238238379,-0.025597626,0.221080706,0.207009181,0.221880093,0.230128184,0.221973792,0.206029773,0.205492318,0.180968553,0.202516422,0.22883299,0.180948108,0.228589073,0.248992592,0.233485624,0.306965888,-0.181670159,0.428515434,0.411669105,0.38718918
